DATA_NUM,1,2,3,4,5,6,7,8,9,10,11,12,13,14,15,16,17,18,19,20,21,22,23,24,25,26,27,28,29,30,31
1,0.64865,1.46993,-3.55509,-0.14415,-0.3842,-0.85355,0.14356,0.1846,-1.88484,0.66256,1.77282,-0.37608,3.41462,0.02549,-1.08258,-4.46171,-1.50999,1.0486,-2.4092,1.52629,-0.16366,0.21034,0.75058,2.87194,-2.15124,-0.67922,-0.17848,-0.90435,0.1287,1.08101,-1.20133
2,0.6261,1.12748,-3.07342,-0.10215,-0.29686,-0.74161,0.10663,0.09385,-1.71144,0.56246,1.45879,-0.35359,3.1873,-0.03749,-1.10067,-4.04861,-1.42745,0.94062,-1.74933,1.25582,-0.13924,0.21278,0.69224,2.526,-1.86622,-0.4932,-0.21441,-0.80221,0.02549,0.91291,-1.22694
3,0.60216,0.79938,-2.5742,-0.06221,-0.22038,-0.63367,0.07554,0.0178,-1.54429,0.46658,1.15721,-0.33272,2.96547,-0.07792,-1.1209,-3.63843,-1.34625,0.84124,-1.12219,0.99061,-0.10769,0.20408,0.63694,2.19404,-1.59641,-0.31347,-0.24866,-0.70355,-0.08809,0.74768,-1.25375
4,0.57749,0.48447,-2.05317,-0.02362,-0.15284,-0.52976,0.04914,-0.0535,-1.38084,0.3749,0.86459,-0.31245,2.7489,-0.10181,-1.15176,-3.21567,-1.26415,0.75005,-0.51857,0.73083,-0.07076,0.17662,0.58441,1.87512,-1.33828,-0.14204,-0.28714,-0.60898,-0.2011,0.58277,-1.28086
5,0.55304,0.18286,-1.52216,0.01413,-0.09287,-0.42969,0.02631,-0.12864,-1.21943,0.28748,0.58009,-0.29187,2.53764,-0.11655,-1.19812,-2.76871,-1.18063,0.66626,0.06171,0.47647,-0.03088,0.12529,0.53447,1.56736,-1.09007,0.01953,-0.33474,-0.51887,-0.30209,0.41798,-1.30748
6,0.52982,-0.10347,-1.0138,0.05126,-0.03932,-0.3331,0.00634,-0.21238,-1.05887,0.20446,0.30432,-0.27031,2.33153,-0.12986,-1.261605141,-2.29371,-1.09534,0.5885,0.60734,0.22726,0.00872,0.04884,0.48685,1.26862,-0.85067,0.17139,-0.39383,-0.43349,-0.38297,0.25489,-1.33312
7,0.50822,-0.37105,-0.59276,0.0875,0.00862,-0.23942,-0.01136,-0.3006,-0.89902,0.1259,0.04268,-0.24732,2.12921,-0.14773,-1.33815,-1.80092,-1.00962,0.51464,1.00104,-0.01726,0.04583,-0.04665,0.44115,0.97655,-0.62075,0.315,-0.46144,-0.35323,-0.44879,0.0963,-1.35748
8,0.48837,-0.61583,-0.34365,0.12244,0.05151,-0.14737,-0.0278,-0.37852,-0.74072,0.05168,-0.18457,-0.22285,1.92935,-0.16891,-1.41679,-1.33656,-0.92696,0.44236,1.0001,-0.25761,0.07921,-0.14734,0.39691,0.68847,-0.40345,0.45291,-0.53007,-0.27789,-0.52861,-0.05377,-1.38055
9,0.46969,-0.83242,-0.08504,0.15584,0.08926,-0.05542,-0.04461,-0.40242,-0.58612,-0.01843,-0.30377,-0.19762,1.7313,-0.17323,-1.47567,-1.04599,-0.85346,0.36959,0.93653,-0.493644583,0.10954,-0.22814,0.3536,0.40174,-0.21325,0.58841,-0.58565,-0.20589,-0.73683,-0.18842,-1.40259
10,0.45118,-1.00835,0.26771,0.18765,0.12045,0.03751,-0.06363,-0.24002,-0.44122,-0.08466,-0.28897,-0.17274,1.53493,-0.05493,-1.46901,-0.66588,-0.79888,0.2948,0.87113,-0.72466,0.14115,-0.24537,0.31076,0.11425,-0.10989,0.72498,-0.59576,-0.13415,-0.9285,-0.29403,-1.42414
11,0.43125,-1.09731,0.60512,0.21827,0.140979245,0.13186,-0.08584,-0.02215,-0.32232,-0.14741,-0.23363,-0.14967,1.3406,0.19929,-1.31989,-0.39027,-0.78078,0.21748,0.82365,-0.94971,0.188131599,-0.15412,0.26794,-0.17417,0.00735,0.86662,-0.49258,-0.05658,-1.05674,-0.35011,-1.44615
12,0.40749,-0.97939,0.73308,0.24825,0.13649,0.22765,-0.10842,0.14529,-0.26243,-0.20725,-0.10813,-0.13082,1.14896,0.44603,-1.15802,-0.23726,-0.82223,0.13851,0.72445,-1.16747,0.29067,-0.33379,0.22476,-0.46064,0.13698,1.01707,-0.31966,0.02661,-1.06516,-0.43382,-1.47
13,0.37701,-0.89606,0.56462,0.27808,0.06831,0.32468,-0.11673,0.21874,-0.22312,-0.26512,0.12842,-0.1207,0.96165,0.63656,-1.01417,-0.15557,-0.83409,0.0612,0.51316,-1.37609,0.36557,-0.57073,0.18106,-0.73682,0.23657,1.18109,-0.12768,0.09256,-0.94324,-0.56911,-1.49747
14,0.33517,-0.85076,0.31315,0.30799,-0.0436,0.42243,-0.2293,0.2108,-0.21214,-0.3219,0.44348,-0.12837,0.78544,0.73469,-0.91477,-0.07245,-0.76363,-0.00204,0.2438,-1.56965,0.40754,-0.79218,0.13703,-0.97805,0.30316,1.3638,0.03144,0.19015,-0.74434,-0.74183,-1.53105
15,0.27266,-0.79799,0.16354,0.33734,-0.16237,0.51981,-0.34985,0.17332,-0.25256,-0.37739,0.78518,-0.16631,0.6388,0.7443,-0.86273,0.03371,-0.60486,-0.01493,-0.03411,-1.72722,0.41069,-0.91672,0.09394,-1.12003,0.36455,1.54409,0.13072,0.30468,-0.51607,-0.91634,-1.57439
16,0.1754,-0.693,0.20345,0.36411,-0.30352,0.61406,-0.44163,0.13967,-0.33994,-0.4282,1.08431,-0.20797,0.52711,0.7157,-0.81896,0.09237,-0.37214,-0.00286,-0.32824,-1.72045,0.38674,-0.89904,0.05477,-1.07491,0.46414,1.54143,0.18995,0.40928,-0.31741,-1.05355,-1.63285
17,0.0409,-0.52287,0.41691,0.38456,-0.45926,0.6976,-0.47085,0.13022,-0.46372,-0.46415,1.28995,-0.24108,0.41084,0.69469,-0.74902,0.06786,-0.11492,0.02147,-0.61779,-1.67795,0.38461,-0.76807,0.02625,-1.00383,0.60026,1.47994,0.23362,0.47293,-0.21348,-1.11816,-1.71429
18,-0.07797,-0.29464,0.64051,0.40049,-0.61053,0.74829,-0.43773,0.1553,-0.61485,-0.40507,1.40952,-0.26214,0.2891,0.71143,-0.63221,-0.02902,0.1105,0.05662,-0.91102,-1.61063,0.43444,-0.60648,0.01966,-0.93514,0.73623,1.3726,0.28024,0.47295,-0.18712,-1.07654,-1.82097
19,-0.16798,-0.04307,0.72065,0.44951,-0.73745,0.76604,-0.37655,0.20732,-0.77199,-0.32116,1.52007,-0.27064,0.15577,0.77061,-0.46567,-0.15952,0.26206,0.09738,-1.12253,-1.53201,0.5329,-0.48521,-0.00827,-0.87687,0.83128,1.24342,0.35803,0.39787,-0.20018,-0.94753,-1.90333
20,-0.2268,0.1602,0.57772,0.49624,-0.82494,0.78117,-0.33076,0.25842,-0.91672,-0.21823,1.69156,-0.2705,0.00477,0.83093,-0.25467,-0.27043,0.32926,0.14197,-1.12461,-1.44901,0.65514,-0.41378,-0.05176,-0.82007,0.85121,1.11651,0.48118,0.25995,-0.24699,-0.7725,-1.97653
21,-0.26181,0.24556,0.2329,0.52829,-0.8673,0.8033,-0.32757,0.28666,-1.03708,-0.10153,1.85804,-0.27086,-0.15144,0.84137,-0.01415,-0.30551,0.3384,0.18602,-0.86253,-1.3581,0.75942,-0.35948,-0.10742,-0.75111,0.76683,1.01239,0.61903,0.08986,-0.31517,-0.59242,-2.04332
22,-0.27948,0.1874,-0.31883,0.53177,-0.86833,0.84308,-0.37369,0.28585,-1.12472,0.02263,1.91489,-0.27844,-0.29663,0.78542,0.22491,-0.26107,0.32329,0.22196,-0.42759,-1.24266,0.78554,-0.29282,-0.17324,-0.66353,0.58536,0.94487,0.69306,-0.07912,-0.38473,-0.42564,-2.10576
23,-0.29072,0.0139,-0.93186,0.4991,-0.84278,0.91202,-0.45159,0.26171,-1.19045,0.14808,1.82931,-0.28975,-0.419,0.66987,0.42903,-0.21689,0.31134,0.24056,0.09702,-1.09324,0.69758,-0.21388,-0.24874,-0.5546,0.35349,0.91622,0.66969,-0.22911,-0.43898,-0.27453,-2.164
24,-0.30241,-0.20289,-1.49848,0.43564,-0.81097,1.01531,-0.51708,0.23034,-1.24963,0.27181,1.6447,-0.30203,-0.5114,0.50829,0.57028,-0.19275,0.32629,0.23478,0.65798,-0.91026,0.51922,-0.15045,-0.33107,-0.41922,0.12434,0.9264,0.55751,-0.36536,-0.48983,-0.12714,-2.21815
25,-0.32206,-0.39611,-2.00539,0.35727,-0.78572,1.14229,-0.53018,0.19406,-1.30167,0.39361,1.44328,-0.31857,-0.57283,0.32982,0.63826,-0.2179,0.37643,0.20005,1.17011,-0.70362,0.29742,-0.13298,-0.41521,-0.25994,-0.06984,0.96009,0.39212,-0.49205,-0.52825,0.03123,-2.26964
26,-0.35629,-0.52643,-2.45767,0.28099,-0.76288,1.27378,-0.46556,0.12572,-1.3378,0.51321,1.28167,-0.34535,-0.6105,0.14548,0.6383,-0.3142,0.4493,0.13318,1.58749,-0.49268,0.07595,-0.18676,-0.4956,-0.08985,-0.21191,1.00648,0.23457,-0.61514,-0.53755,0.20739,-2.321
27,-0.40522,-0.58381,-2.79137,0.22147,-0.73479,1.39274,-0.31413,0.03633,-1.35641,0.6285,1.15349,-0.3828,-0.6295,-0.03138,0.59529,-0.46123,0.52123,0.03813,1.79744,-0.30261,-0.11869,-0.32663,-0.56768,0.07281,-0.29974,1.06245,0.12234,-0.74114,-0.50508,0.38176,-2.3744
28,-0.46511,-0.58629,-2.83401,0.18439,-0.6929,1.49,-0.07729,-0.07202,-1.3845,0.73627,0.97273,-0.42648,-0.63273,-0.13662,0.52252,-0.64785,0.55641,-0.07282,1.73217,-0.15525,-0.2863,-0.54012,-0.62865,0.20827,-0.34463,1.12238,0.06395,-0.8647,-0.4115,0.49135,-2.43103
29,-0.52646,-0.55209,-2.49653,0.16716,-0.63955,1.56292,0.22447,-0.19798,-1.43798,0.841,0.72459,-0.46976,-0.61593,-0.10401,0.44096,-0.85677,0.53103,-0.18389,1.43632,-0.06182,-0.42638,-0.8202,-0.67556,0.30035,-0.32418,1.17955,0.03464,-0.96958,-0.25726,0.50664,-2.49135
30,-0.57411,-0.5276,-1.87188,0.16192,-0.57693,1.61019,0.55179,-0.3144,-1.49969,0.94772,0.45265,-0.50753,-0.56891,0.08326,0.37664,-1.02856,0.457165854,-0.27012,0.94128,-0.02597,-0.55345,-1.13989,-0.70544,0.34167,-0.21609,1.22607,0.01026,-1.02619,-0.08421,0.44366,-2.55821
31,-0.59162,-0.57228,-1.16002,0.16059,-0.50702,1.6343,0.8612,-0.39603,-1.54287,1.05981,0.24158,-0.54211,-0.48724,0.35572,0.35991,-1.10099,0.37028,-0.31462,0.40955,-0.05037,-0.68649,-1.43221,-0.7154,0.3408,-0.04481,1.25701,-0.0547,-1.0137,0.05043,0.33255,-2.63275
32,-0.56942,-0.7097,-0.58293,0.15743,-0.43406,1.64353,1.11175,-0.412195308,-1.53734,1.18428,0.18257,-0.57859,-0.37072,0.63064,0.40119,-1.0806,0.31513,-0.31312,-0.16173,-0.14138,-0.83862,-1.67289,-0.70828,0.3168,0.1294,1.27221,-0.17952,-0.93406,0.10911,0.21793,-2.70768
33,-0.50555,-0.93996,-0.25207,0.14749,-0.36217,1.65247,1.2793,-0.34021,-1.46468,1.31923,0.26728,-0.62434,-0.22315,0.86814,0.45531,-0.99888,0.31243,-0.27316,-0.76949,-0.29402,-0.99311,-1.90294,-0.68745,0.28876,0.24613,1.27432,-0.32802,-0.80572,0.09001,0.1335,-2.77401
34,-0.40641,-1.21416,-0.18863,0.12576,-0.29776,1.67535,1.37039,-0.20671,-1.35216,1.45352,0.37771,-0.68338,-0.0507,1.06493,0.48022,-0.90856,0.34838,-0.21543,-1.28551,-0.48026,-1.10651,-2.13065,-0.65642,0.27292,0.29552,1.26514,-0.44484,-0.66042,0.01367,0.09762,-2.82452
35,-0.29186,-1.46751,-0.20569,0.08769,-0.25377,1.71756,1.40628,-0.05759,-1.23986,1.57314,0.41814,-0.75647,0.14312,1.22463,0.44347,-0.86138,0.40013,-0.16765,-1.59922,-0.66674,-1.13651,-2.33802,-0.62113,0.27382,0.30107,1.248,-0.48594,-0.53355,-0.06774,0.10458,-2.85153
36,-0.17709,-1.65266,-0.27538,0.03065,-0.23413,1.77774,1.402,0.03803,-1.15731,1.66829,0.35135,-0.84077,0.35491,1.32106,0.33294,-0.85464,0.43802,-0.15422,-1.50006,-0.83914,-1.06505,-2.5059,-0.59195,0.27799,0.28364,1.22397,-0.43147,-0.43637,-0.09019,0.11064,-2.84943
37,-0.07133,-1.76853,-0.55793,-0.04559,-0.2284,1.85071,1.36564,0.00938,-1.14119,1.73469,0.15658,-0.92964,0.57372,1.37815,0.16652,-0.84441,0.44364,-0.18138,-1.02469,-0.99565,-0.90849,-2.59882,-0.57466,0.27192,0.27249,1.19867,-0.30344,-0.36082,-0.01277,0.03678,-2.81669
38,0.01857,-1.84902,-1.13834,-0.13837,-0.21427,1.92483,1.29399,-0.1047,-1.21783,1.7771,-0.1019,-1.01391,0.78259,1.43715,-0.00911,-0.78851,0.40236,-0.24073,-0.33349,-1.14723,-0.72119,-2.60918,-0.57006,0.24452,0.28551,1.18052,-0.14545,-0.29149,0.12788,-0.10014,-2.75405
39,0.08659,-1.91911,-1.95909,-0.24068,-0.16848,1.98275,1.17051,-0.23472,-1.34319,1.80948,-0.33906,-1.0875,0.96158,1.45089,-0.14611,-0.69165,0.30825,-0.31911,0.54075,-1.30375,-0.53798,-2.5571,-0.57154,0.18363,0.26293,1.16729,0.01813,-0.21347,0.25796,-0.25142,-2.66354
40,0.13203,-1.99908,-2.70822,-0.34257,-0.09398,2.01012,0.98654,-0.34006,-1.44909,1.84364,-0.53959,-1.14641,1.09658,1.34846,-0.21361,-0.5709,0.16903,-0.40374,1.35931,-1.47408,-0.37612,-2.46375,-0.56358,0.08088,0.15715,1.15033,0.19175,-0.11786,0.29144,-0.37408,-2.54744
41,0.16317,-2.0892,-3.19696,-0.4401,-0.009918904,1.99937,0.7678,-0.42791,-1.48016,1.88389,-0.73407,-1.18715,1.18378,1.10785,-0.21741,-0.43849,-0.00342,-0.48329,2.0504,-1.65534,-0.24038,-2.34404,-0.53054,-0.05933,-0.03178,1.12098,0.39048,-0.01686,0.24663,-0.43523,-2.40824
42,0.19573,-2.15781,-3.43322,-0.53366,0.05755,1.95034,0.55127,-0.53978,-1.41285,1.93349,-0.89573,-1.20769,1.23264,0.75462,-0.20998,-0.3111,-0.20164,-0.54545,2.44867,-1.83716,-0.11903,-2.19177,-0.46221,-0.21839,-0.2648,1.05916,0.62033,0.07175,0.21796,-0.42407,-2.25355
43,0.24,-2.17784,-3.5491,-0.62304,0.07795,1.86717,0.3556,-0.67715,-1.26322,1.99611,-0.94645,-1.20806,1.27045,0.37284,-0.2297,-0.21353,-0.41444,-0.5813,2.35027,-2.0048,0.00271,-2.00126,-0.36031,-0.35716,-0.47158,0.9541,0.89557,0.1413,0.27251,-0.37824,-2.08933
44,0.29358,-2.1449,-3.65452,-0.7071,0.04261,1.75609,0.18161,-0.82441,-1.06589,2.06756,-0.89045,-1.19084,1.3251,0.06824,-0.29782,-0.17805,-0.62456,-0.58857,1.72673,-2.1414,0.12172,-1.77575,-0.23906,-0.42949,-0.60388,0.81277,1.25897,0.18567,0.39563,-0.3935,-1.91997
45,0.34854,-2.03332,-3.76247,-0.78415,-0.03365,1.62518,0.02503,-0.91667,-0.87275,2.1364,-0.74268,-1.15956,1.39942,-0.11153,-0.4181,-0.25883,-0.80845,-0.56283,0.85193,-2.22922,0.18697,-1.53063,-0.12012,-0.40139,-0.65459,0.65926,1.70504,0.20061,0.54033,-0.56136,-1.74648
46,0.39394,-1.825,-3.80279,-0.8505,-0.12185,1.48399,-0.11417,-0.90584,-0.75376,2.18925,-0.54393,-1.11672,1.47962,-0.17972,-0.58553,-0.46336,-0.94908,-0.51304,0.0892,-2.2571,0.14036,-1.28948,-0.02939,-0.26117,-0.66693,0.52157,2.14878,0.20005,0.69948,-0.9048,-1.57014
47,0.4206,-1.53361,-3.6669,-0.90535,-0.19203,1.34342,-0.22949,-0.79094,-0.75373,2.21287,-0.38946,-1.06206,1.54496,-0.18314,-0.77277,-0.70167,-1.04025,-0.4589,-0.41544,-2.22722,-0.01011,-1.07655,0.0144,-0.04067,-0.70398,0.4176,2.49896,0.21478,0.87939,-1.32814,-1.39649
48,0.4259,-1.20511,-3.48139,-0.95596,-0.22677,1.21402,-0.31677,-0.60749,-0.87963,2.19719,-0.31685,-0.99304,1.57674,-0.14509,-0.94513,-0.88527,-1.09327,-0.40981,-0.72854,-2.16058,-0.20888,-0.90174,0.0101,0.20765,-0.77973,0.35384,2.70141,0.27165,1.04135,-1.7185,-1.2289
49,0.41341,-0.89967,-3.43849,-1.0073,-0.22964,1.10333,-0.37491,-0.42962,-1.0427,2.13837,-0.31384,-0.91257,1.56814,-0.11475,-1.07196,-0.98211,-1.11136,-0.36623,-0.70527,-2.09014,-0.39448,-0.74561,-0.03313,0.4388,-0.86447,0.3289,2.72889,0.37687,1.15372,-2.0097,-1.0677
50,0.3878,-0.65165,-3.4783,-1.05949,-0.21647,1.01555,-0.40188,-0.32706,-1.15171,2.04202,-0.38864,-0.82908,1.52195,-0.17694,-1.1514,-1.01559,-1.09248,-0.32464,-0.2796,-2.03686,-0.53952,-0.62029,-0.10292,0.62011,-0.90873,0.33805,2.60184,0.51669,1.21178,-2.1661,-0.9113
51,0.34489,-0.47416,-3.46782,-1.10704,-0.21807,0.94925,-0.40032,-0.32919,-1.15596,1.91696,-0.54696,-0.74339,1.4514,-0.354,-1.20328,-1.04752,-1.03809,-0.27843,0.30689,-2.0126,-0.61745,-0.5343,-0.18175,0.7395,-0.88586,0.37487,2.37698,0.65852,1.21865,-2.19275,-0.75653
52,0.27681,-0.35569,-3.22932,-1.14242,-0.26449,0.89883,-0.37823,-0.44172,-1.0579,1.7702,-0.70283,-0.64952,1.37738,-0.59449,-1.22912,-1.11,-0.95684,-0.22547,0.78903,-2.01841,-0.61588,-0.47489,-0.25704,0.79836,-0.80268,0.44275,2.0994,0.75978,1.1654,-2.11002,-0.60197
53,0.1796,-0.32542,-2.7739,-1.15968,-0.36528,0.85358,-0.3456,-0.6339,-0.89244,1.61019,-0.82637,-0.54052,1.32883,-0.79425,-1.25068,-1.19871,-0.86872,-0.16499,0.98259,-2.05205,-0.55781,-0.45308,-0.31952,0.80606,-0.69441,0.54541,1.80543,0.79954,1.05158,-1.97821,-0.44914
54,0.05873,-0.36421,-2.26424,-1.15237,-0.5061,0.80334,-0.29994,-0.85885,-0.70942,1.44604,-0.96832,-0.41801,1.31999,-0.868,-1.28328,-1.25311,-0.79211,-0.09487,0.92229,-2.10408,-0.4972,-0.45149,-0.36106,0.78045,-0.61247,0.66815,1.52504,0.77925,0.90928,-1.86484,-0.30221
55,-0.06588,-0.39135,-1.81936,-1.11487,-0.65546,0.73973,-0.23003,-1.13708,-0.55523,1.28277,-1.11572,-0.29419,1.34754,-0.79141,-1.33024,-1.24308,-0.7325,-0.01928,0.96522,-2.15925,-0.47137,-0.4383,-0.37593,0.74957,-0.58178,0.78974,1.25583,0.71434,0.73555,-1.7874,-0.16735
56,-0.17436,-0.3105,-1.41475,-1.04851,-0.78217,0.66052,-0.11945,-1.45271,-0.45574,1.12166,-1.22987,-0.18506,1.39313,-0.60444,-1.37446,-1.19234,-0.67836,0.05588,1.13518,-2.20236,-0.48894,-0.39778,-0.36271,0.732,-0.553,0.89615,1.00922,0.63169,0.50232,-1.69635,-0.05079
57,-0.2556,-0.07778,-1.08793,-0.95718,-0.86249,0.57604,0.02499,-1.76132,-0.40811,0.9638,-1.33709,-0.10135,1.43155,-0.35781,-1.38161,-1.16158,-0.62146,0.12503,1.13164,-2.22053,-0.53216,-0.31695,-0.32305,0.73785,-0.48978,0.97546,0.80521,0.53996,0.24897,-1.5509,0.04204
58,-0.30897,0.22066,-1.0611,-0.84477,-0.88411,0.4972,0.17717,-2.00861,-0.38864,0.81072,-1.4601,-0.04223,1.44617,-0.07988,-1.32236,-1.26498,-0.56163,0.19694,0.75732,-2.20673,-0.57079,-0.18585,-0.26002,0.77935,-0.40342,1.01322,0.64531,0.43751,0.02657,-1.327,0.10831
59,-0.3364,0.47576,-1.40052,-0.71176,-0.84778,0.42954,0.30192,-2.14561,-0.33803,0.66321,-1.56153,-0.00285,1.43118,0.18914,-1.19656,-1.63293,-0.50299,0.27998,0.36059,-2.15981,-0.58023,-0.03212,-0.18018,0.86188,-0.3297,1.01032,0.53795,0.32079,-0.09742,-1.02092,0.14658
60,-0.34763,0.58902,-1.90387,-0.55487,-0.76666,0.3749,0.37401,-2.14314,-0.22916,0.51514,-1.62155,0.02665,1.39116,0.42539,-1.02113,-2.24643,-0.44504,0.37578,0.31264,-2.09049,-0.56884,0.10355,-0.09053,0.96579,-0.32167,0.98132,0.5231,0.1834,-0.05956,-0.67451,0.15508
61,-0.35411,0.51473,-2.33284,-0.37124,-0.66413,0.33251,0.39597,-1.99805,-0.07101,0.35962,-1.66548,0.05037,1.32871,0.63822,-0.8176,-2.87544,-0.38742,0.48376,0.58403,-2.02044,-0.52419,0.19123,0.00717,1.05945,-0.39162,0.95314,0.64711,0.02616,0.09789,-0.3739,0.13513
62,-0.36418,0.3093,-2.47678,-0.1597,-0.56818,0.29784,0.40726,-1.77662,0.11141,0.18686,-1.65961,0.06872,1.24034,0.86217,-0.61656,-3.34836,-0.32723,0.59977,1.04052,-1.96965,-0.44879,0.23615,0.1136,1.11639,-0.49704,0.95311,0.9399,-0.14934,0.20653,-0.21826,0.09185
63,-0.38094,0.09849,-2.32153,0.0712,-0.50066,0.27032,0.43521,-1.50964,0.2945,-0.01137,-1.55288,0.08232,1.12342,1.10352,-0.44711,-3.61391,-0.26194,0.7141,1.40189,-1.94321,-0.35153,0.24165,0.23311,1.11915,-0.5608,0.99084,1.38202,-0.33654,0.21342,-0.23692,0.03393
64,-0.40305,-0.01861,-1.98911,0.30911,-0.46836,0.25062,0.4847,-1.19461,0.45201,-0.22701,-1.36559,0.09188,0.98302,1.31079,-0.34439,-3.68499,-0.1904,0.80808,1.6036,-1.93327,-0.22881,0.21304,0.36678,1.05177,-0.52843,1.05365,1.93801,-0.53126,0.16634,-0.39738,-0.02893
65,-0.43588,-0.0033,-1.57294,0.54336,-0.4569,0.23684,0.55482,-0.84187,0.55992,-0.44098,-1.11671,0.09518,0.82916,1.43838,-0.3252,-3.62249,-0.11156,0.85598,1.78308,-1.91907,-0.08686,0.1655,0.51035,0.91741,-0.40921,1.11205,2.56286,-0.7177,0.14217,-0.62913,-0.09055
66,-0.48829,0.11036,-1.04351,0.76336,-0.43938,0.22497,0.66081,-0.46998,0.61298,-0.63077,-0.8434,0.08925,0.67576,1.49414,-0.4132,-3.49835,-0.03003,0.84516,1.9644,-1.88213,0.06109,0.10652,0.65873,0.73683,-0.24944,1.14067,3.16378,-0.87636,0.16692,-0.87147,-0.14537
67,-0.56113,0.23315,-0.43834,0.9598,-0.39807,0.21172,0.82376,-0.11609,0.63013,-0.77664,-0.62059,0.07337,0.53681,1.54683,-0.61756,-3.34678,0.04551,0.77949,1.88816,-1.80314,0.22696,0.04092,0.81029,0.53608,-0.1036,1.1226,3.65223,-0.99387,0.21695,-1.10343,-0.19085
68,-0.64368,0.27436,0.04855,1.12514,-0.3276,0.19678,1.04123,0.19599,0.63693,-0.86662,-0.497,0.04663,0.4169,1.64218,-0.93278,-3.11826,0.10095,0.6768,1.40163,-1.67285,0.41248,-0.05429,0.96619,0.3343,-0.00923,1.05215,3.97081,-1.06976,0.27895,-1.29564,-0.22841
69,-0.71608,0.14295,0.21207,1.2517,-0.23736,0.17893,1.28782,0.45783,0.6637,-0.89695,-0.47133,0.0074,0.30966,1.75315,-1.31251,-2.83132,0.12939,0.55929,0.66921,-1.49825,0.5874,-0.18515,1.12934,0.14667,0.02265,0.93506,4.08933,-1.10818,0.32212,-1.42603,-0.26097
70,-0.76675,-0.18333,-0.03967,1.3322,-0.14711,0.15487,1.52347,0.63906,0.69767,-0.86754,-0.5955,-0.04611,0.19956,1.86811,-1.705,-2.57204,0.14133,0.44976,-0.06418,-1.31242,0.71382,-0.32904,1.29389,-0.01047,0.01772,0.77724,4.01347,-1.11203,0.39724,-1.49514,-0.29176
71,-0.79237,-0.59985,-0.53396,1.36267,-0.08011,0.12259,1.70492,0.73053,0.71593,-0.77504,-0.93732,-0.11833,0.07555,1.99537,-2.05351,-2.42256,0.14252,0.36416,-0.543433297,-1.15384,0.79534,-0.45349,1.44884,-0.12048,0.03387,0.58664,3.7856,-1.07699,0.59611,-1.53008,-0.32194
72,-0.79417,-0.92748,-1.00528,1.34606,-0.04248,0.08438,1.80369,0.74932,0.69532,-0.6266,-1.42511,-0.20545,-0.05262,2.10791,-2.32436,-2.44421,0.13789,0.30414,-0.63547,-1.04621,0.85217,-0.53385,1.58803,-0.19076,0.09048,0.37618,3.45067,-1.00653,0.8891,-1.52814,-0.34897
73,-0.77382,-1.04821,-1.45702,1.29228,-0.02917,0.04409,1.82041,0.67293,0.64232,-0.442660077,-2.05102,-0.29838,-0.16499,2.22037,-2.50788,-2.63879,0.12975,0.27011,-0.58612,-0.99801,0.91406,-0.57612,1.70671,-0.24319,0.16649,0.16618,3.02331,-0.91272,1.16546,-1.47675,-0.3679
74,-0.73656,-0.95821,-1.8884,1.21386,-0.021,0.00575,1.77371,0.50557,0.57556,-0.24751,-2.78973,-0.38824,-0.24033,2.35677,-2.60319,-2.89482,0.12271,0.25626,-0.58612,-1.00371,1.01774,-0.59387,1.80208,-0.2941,0.21979,-0.01926,2.51828,-0.81967,1.36661,-1.38492,-0.37266
75,-0.69132,-0.75953,-2.21577,1.11988,0.00414,-0.02268,1.684,0.27983,0.51777,-0.05868,-3.53649,-0.46744,-0.2702,2.48708,-2.62266,-3.04106,0.12429,0.24527,-0.57497,-1.04622,1.18516,-0.5845,1.87128,-0.35471,0.23332,-0.15899,1.94983,-0.75014,1.47783,-1.28344,-0.35991
76,-0.64958,-0.583,-2.45696,1.01311,0.05701,-0.03508,1.55872,0.05106,0.49436,0.11442,-4.0713,-0.53148,-0.26665,2.5573,-2.58079,-3.07687,0.14411,0.22119,-0.49483,-1.1049,1.389,-0.53322,1.91399,-0.43123,0.20485,-0.24553,1.32664,-0.72106,1.46895,-1.19259,-0.33207
77,-0.6235,-0.49502,-2.64969,0.89078,0.14047,-0.03494,1.41027,-0.12538,0.49208,0.27024,-4.25866,-0.58235,-0.24747,2.51109,-2.47809,-3.08448,0.18339,0.17214,-0.30464,-1.17308,1.57466,-0.42143,1.93371,-0.52411,0.16195,-0.28389,0.66749,-0.74935,1.37482,-1.11097,-0.29527
78,-0.62177,-0.52322,-2.90752,0.74965,0.25287,-0.03036,1.25122,-0.23514,0.49291,0.41358,-4.16156,-0.62824,-0.23191,2.33236,-2.29754,-3.07144,0.24612,0.09419,-0.00319,-1.24185,1.68771,-0.23413,1.94018,-0.63889,0.14455,-0.28935,0.02501,-0.84356,1.22218,-1.03018,-0.2587
79,-0.6435,-0.62577,-3.31495,0.58921,0.38483,-0.03001,1.07928,-0.29137,0.48036,0.55059,-3.86536,-0.67564,-0.23797,2.07348,-2.02237,-2.97958,0.33268,-0.00078,0.38487,-1.3009,1.68922,0.03014,1.94749,-0.77069,0.19377,-0.28898,-0.54341,-1.00987,1.00322,-0.943,-0.22746
80,-0.67362,-0.71909,-3.83746,0.41371,0.52688,-0.04132,0.90876,-0.3117,0.43456,0.68487,-3.49174,-0.72954,-0.27348,1.81097,-1.65809,-2.80717,0.4509,-0.08872,0.82105,-1.34695,1.58245,0.35902,1.96407,-0.90591,0.33774,-0.308,-0.98084,-1.25042,0.71769,-0.83534,-0.20038
81,-0.68978,-0.74282,-4.28136,0.22914,0.67454,-0.06676,0.75852,-0.30893,0.34378,0.81804,-3.15937,-0.78953,-0.32025,1.59383,-1.25585,-2.6068,0.60765,-0.1385,1.32885,-1.38107,1.42162,0.72984,1.98491,-1.03494,0.54741,-0.35062,-1.26422,-1.57347,0.44855,-0.69246,-0.17287
82,-0.67618,-0.67439,-4.46611,0.03394,0.8169,-0.10185,0.63193,-0.27064,0.22841,0.94982,-2.85438,-0.84725,-0.35205,1.46937,-0.8714,-2.44815,0.80445,-0.1253,1.98075,-1.41097,1.24299,1.08374,2.00216,-1.14712,0.77466,-0.41043,-1.40843,-1.96877,0.31117,-0.5364,-0.13685
83,-0.62848,-0.52731,-4.36383,-0.17525,0.93766,-0.13521,0.52302,-0.168,0.12213,1.07648,-2.5463,-0.88985,-0.34466,1.42931,-0.5561,-2.43157,1.02718,-0.04245,2.58814,-1.44933,1.0906,1.35596,2.00559,-1.21883,0.96032,-0.47149,-1.45579,-2.38272,0.35344,-0.40337,-0.08899
84,-0.55762,-0.35426,-4.04555,-0.40089,1.02571,-0.15389,0.42041,0.00582,0.05827,1.18987,-2.26098,-0.90865,-0.29455,1.42303,-0.352,-2.66102,1.24306,0.10377,2.99042,-1.50603,0.98505,1.49449,1.98481,-1.2371,1.0473,-0.504,-1.45209,-2.75227,0.52914,-0.32215,-0.02975
85,-0.47422,-0.20716,-3.61879,-0.6402,1.0823,-0.15198,0.30817,0.22553,0.06724,1.28079,-2.05056,-0.89945,-0.21367,1.41815,-0.26269,-3.05473,1.41652,0.29928,3.35204,-1.57392,0.91159,1.49878,1.9344,-1.20873,1.02142,-0.48306,-1.42381,-3.03018,0.77847,-0.28948,0.03898
86,-0.38662,-0.11194,-3.13697,-0.88514,1.11492,-0.12879,0.18907,0.42629,0.15617,1.34005,-1.9114,-0.858,-0.12025,1.43024,-0.26372,-3.4943,1.50976,0.51981,3.75929,-1.63564,0.85271,1.38587,1.85205,-1.14174,0.93146,-0.40689,-1.40843,-3.19504,1.00442,-0.28663,0.11333
87,-0.30357,-0.08814,-2.6312,-1.12153,1.12436,-0.08826,0.07871,0.54113,0.30666,1.35475,-1.89661,-0.78862,-0.03691,1.48038,-0.29307,-3.92689,1.48441,0.73666,4.24256,-1.67262,0.79766,1.18851,1.7391,-1.03539,0.85219,-0.29298,-1.44125,-3.24339,1.16859,-0.30721,0.18597
88,-0.23624,-0.1113,-2.17796,-1.33105,1.10294,-0.03821,0.01137,0.53494,0.4915,1.30822,-1.99185,-0.69392,0.01481,1.55895,-0.32163,-4.31141,1.36352,0.91992,4.58868,-1.67237,0.71833,0.94179,1.60172,-0.89849,0.84115,-0.1719,-1.5271,-3.19376,1.303271483,-0.35493,0.24814
89,-0.1884,-0.14976,-1.82964,-1.49537,1.04672,0.01126,0.03664,0.44008,0.67298,1.19453,-2.1175,-0.57868,0.02132,1.65679,-0.34853,-4.66557,1.19265,1.04735,4.7493,-1.62793,0.57835,0.6777,1.45078,-0.75402,0.90713,-0.07382,-1.65983,-3.07316,1.43643,-0.42498,0.29435
90,-0.159446846,-0.19143,-1.74878,-1.60266,0.95178,0.04793,0.18396,0.32982,0.82059,1.01712,-2.15228,-0.45148,-0.0183,1.74928,-0.40601,-5.05505,1.02139,1.11219,4.66922,-1.54097,0.38238,0.41998,1.30057,-0.62395,0.97643,-0.01906,-1.8273,-2.91294,1.57869,-0.52748,0.32599
91,-0.14541,-0.23396,-1.9092,-1.64857,0.81603,0.06729,0.44341,0.23131,0.92607,0.78827,-2.06272,-0.31815,-0.0898,1.81277,-0.50012,-5.45431,0.88587,1.12743,4.39746,-1.42271,0.17997,0.17872,1.16953,-0.5318,0.96892,-0.01964,-1.96593,-2.75632,1.70387,-0.68527,0.34612
92,-0.14083,-0.26744,-2.19782,-1.63422,0.65062,0.07135,0.78387,0.14321,0.99789,0.52494,-1.8315,-0.18031,-0.1765,1.86024,-0.624558668,-5.71244,0.78984,1.11911,4.00189,-1.29408,0.01211,-0.03948,1.07251,-0.50483,0.84567,-0.0731,-2.03004,-2.61622,1.80043,-0.91978,0.35776
93,-0.139,-0.27937,-2.43535,-1.5672,0.47014,0.06878,1.13927,0.0451,1.06432,0.2483,-1.41551,-0.03414,-0.26087,1.96718,-0.79057,-5.74609,0.71699,1.11528,3.45179,-1.18486,-0.08937,-0.23709,1.0172,-0.55209,0.6428,-0.16411,-2.00841,-2.46484,1.87697,-1.21027,0.36459
94,-0.13299,-0.2476,-2.43751,-1.46049,0.29415,0.06636,1.44889,-0.08868,1.1601,-0.02147,-0.8853,0.11552,-0.32658,2.1582,-1.01247,-5.6022,0.63596,1.13773,2.80164,-1.12226,-0.11539,-0.4081,1.00075,-0.65626,0.43469,-0.27313,-1.91816,-2.27674,1.95667,-1.49837,0.37015
95,-0.11759,-0.16824,-2.15719,-1.33073,0.13976,0.072,1.66367,-0.24946,1.28576,-0.2681,-0.35555,0.26035,-0.36229,2.40825,-1.28596,-5.30074,0.50701,1.184,2.2709,-1.11281,-0.08351,-0.54027,1.01175,-0.76988,0.2993,-0.39052,-1.78705,-2.05295,2.11007,-1.71309,0.37724
96,-0.0975,-0.07018,-1.72453,-1.19221,0.02398,0.09016,1.74905,-0.4048,1.41377,-0.47704,0.11998,0.39416,-0.36346,2.64747,-1.56366,-4.80004,0.32157,1.23542,1.88039,-1.14576,-0.02602,-0.62271,1.03461,-0.85023,0.26245,-0.51404,-1.61907,-1.80673,2.40899,-1.78628,0.38689
97,-0.08419,0.0179,-1.37253,-1.0625,-0.04922,0.12519,1.70414,-0.54006,1.50868,-0.64134,0.46538,0.51705,-0.33256,2.8408,-1.79485,-4.09904,0.10791,1.26924,1.5732,-1.19781,0.02505,-0.63453,1.06082,-0.87168,0.28057,-0.63686,-1.42375,-1.56333,2.8598,-1.70623,0.3975
98,-0.08574,0.06772,-1.27142,-0.9531,-0.09241,0.18166,1.5685,-0.68343,1.55198,-0.75918,0.62233,0.63205,-0.26772,3.01087,-1.95295,-3.27784,-0.08234,1.26275,1.3346,-1.25138,0.04318,-0.57212,1.08948,-0.82313,0.30226,-0.75054,-1.21026,-1.34204,3.35506,-1.50972,0.406
99,-0.09784,0.05825,-1.36418,-0.86713,-0.13702,0.26314,1.41979,-0.85854,1.50927,-0.83271,0.61603,0.73635,-0.18015,3.17698,-2.02658,-2.43241,-0.20506,1.20331,1.21167,-1.29761,-0.00118,-0.46198,1.12118,-0.70696,0.28778,-0.84933,-0.97154,-1.1502,3.77381,-1.26587,0.40751
100,-0.1136,-0.02258,-1.41891,-0.8005,-0.20332,0.37204,1.32715,-1.03653,1.3392,-0.87098,0.54195,0.82601,-0.09126,3.36531,-2.00316,-1.74081,-0.23621,1.09752,1.02647,-1.32941,-0.11095,-0.34275,1.15877,-0.54045,0.20339,-0.93598,-0.69483,-0.99585,4.01893,-1.04211,0.3985
101,-0.13046,-0.13607,-1.38261,-0.74393,-0.29298,0.51221,1.31653,-1.17061,1.03912,-0.8905,0.41917,0.89739,-0.02312,3.55731,-1.9269,-1.29423,-0.18421,0.9622,0.69475,-1.34546,-0.27695,-0.22578,1.20768,-0.35249,0.07122,-1.01829,-0.38808,-0.86499,4.11029,-0.86572,0.37745
102,-0.14627,-0.23603,-1.38096,-0.69049,-0.39392,0.68691,1.37949,-1.2318,0.65281,-0.90637,0.23768,0.94414,0.01583,3.68464,-1.84426,-1.13809,-0.08545,0.81593,0.36914,-1.34419,-0.48728,-0.11381,1.271,-0.18298,-0.03934,-1.10566,-0.0931,-0.71645,4.16221,-0.73631,0.34471
103,-0.15536,-0.29972,-1.46443,-0.63256,-0.4854,0.89412,1.48225,-1.20601,0.24847,-0.91793,-0.01311,0.96195,0.03347,3.74212,-1.77582,-1.29058,0.01191,0.67109,0.30918,-1.32234,-0.70418,-0.00207,1.34914,-0.06906,-0.07968,-1.20462,0.11379,-0.51621,4.26129,-0.61915,0.30334
104,-0.14719,-0.35544,-1.61478,-0.56553,-0.54909,1.12981,1.56788,-1.10981,-0.09569,-0.90897,-0.27304,0.95372,0.04051,3.76514,-1.69541,-1.60418,0.06111,0.539,0.67082,-1.28312,-0.88605,0.09782,1.43712,-0.03285,-0.04584,-1.32315,0.16915,-0.26915,4.41708,-0.4838,0.25771
105,-0.11294,-0.46697,-1.69901,-0.48948,-0.57259,1.38689,1.59213,-0.99084,-0.3371,-0.86414,-0.43213,0.92548,0.05319,3.78875,-1.57565,-1.89635,0.03145,0.43267,1.41894,-1.24092,-0.98467,0.17995,1.52397,-0.08065,0.00893,-1.46496,0.0868,0.00938,4.549,-0.32684,0.21153
106,-0.04897,-0.69086,-1.68861,-0.40703,-0.54967,1.656728313,1.53387,-0.94278,-0.46657,-0.77763,-0.4506,0.88541,0.09603,3.79442,-1.41231,-2.10788,-0.07966,0.35906,2.1956,-1.20828,-0.97375,0.25545,1.60458,-0.21213,0.01299,-1.62914,-0.06987,0.30326,4.61866,-0.17403,0.16597
107,0.04568,-1.04162,-1.63734,-0.31977,-0.47748,1.92853,1.40183,-0.98861,-0.50605,-0.65311,-0.41062,0.8361,0.17959,3.76558,-1.19346,-2.27745,-0.24163,0.31193,2.92303,-1.17869,-0.8646,0.34621,1.67802,-0.41193,-0.02227,-1.79616,-0.23366,0.58182,4.63758,-0.05984,0.12093
108,0.16881,-1.48864,-1.702269951,-0.22974,-0.3718,2.18687,1.22536,-1.10116,-0.50309,-0.49917,-0.41427,0.77602,0.2947,3.70406,-0.90023,-2.39525,-0.38279,0.27228,3.75041,-1.14101,-0.68406,0.46327,1.74251,-0.64069,-0.02117,-1.94016,-0.33168,0.80611,4.62946,-0.03329,0.07744
109,0.30942,-1.96213,-2.01183,-0.14049,-0.25551,2.41846,1.05294,-1.22402,-0.51552,-0.32602,-0.54243,0.70277,0.42759,3.62327,-0.54913,-2.42672,-0.46692,0.22479,4.63855,-1.08742,-0.45218,0.61415,1.79933,-0.85441,0.07408,-2.03233,-0.32886,0.94881,4.67998,-0.13713,0.03895
110,0.44763,-2.3878,-2.48564,-0.05782,-0.14145,2.61598,0.94358,-1.30546,-0.58287,-0.14365,-0.83464,0.61793,0.56134,3.50748,-0.20211,-2.32525,-0.483,0.1654,5.2061,-1.00724,-0.19198,0.81337,1.84917,-1.02128,0.26949,-2.04862,-0.26407,1.00325,4.81179,-0.38073,0.0094
111,0.56517,-2.74838,-2.92637,0.01122,-0.03213,2.77705,0.9417,-1.30621,-0.68863,0.0396,-1.19704,0.52791,0.68829,3.35138,0.07532,-2.05054,-0.44155,0.08956,5.11547,-0.88967,0.07147,1.06886,1.89089,-1.12553,0.49964,-1.99348,-0.16916,0.98665,4.92099,-0.72874,-0.00895
112,0.64615,-3.03615,-3.20575,0.06043,0.07683,2.90272,1.02611,-1.24682,-0.78164,0.21516,-1.50635,0.43609,0.79713,3.15365,0.25409,-1.65217,-0.37237,-0.00611,4.52356,-0.73827,0.31663,1.3617,1.92058,-1.16886,0.68238,-1.8831,-0.06468,0.94295,4.847,-1.12619,-0.01959
113,0.68433,-3.27508,-3.41673,0.08666,0.19823,2.99533,1.1393,-1.17752,-0.79423,0.37745,-1.6867,0.34338,0.87745,2.89862,0.35305,-1.26536,-0.29693,-0.10882,3.81916,-0.56343,0.53627,1.64786,1.93529,-1.16562,0.75898,-1.74485,0.03497,0.90191,4.56962,-1.51628,-0.03146
114,0.68366,-3.50542,-3.60071,0.08859,0.34518,3.05501,1.22432,-1.13538,-0.67766,0.52406,-1.7049,0.25431,0.92453,2.59148,0.40227,-1.00769,-0.2323,-0.20555,3.31844,-0.37492,0.7249,1.88506,1.93114,-1.14558,0.69151,-1.60456,0.13424,0.84614,4.21407,-1.83888,-0.05925
115,0.65411,-3.74487,-3.67171,0.06922,0.52576,3.07843,1.22499,-1.08298,-0.44443,0.65204,-1.62218,0.17506,0.94097,2.27099,0.41538,-0.86587,-0.17543,-0.28419,3.16756,-0.18241,0.87382,2.04251,1.90326,-1.13708,0.54152,-1.4818,0.23404,0.75271,3.93854,-2.08618,-0.11739
116,0.61113,-3.98101,-3.4807,0.03592,0.7508,3.06061,1.12842,-0.95922,-0.12287,0.75546,-1.5352,0.11325,0.93137,2.00558,0.42598,-0.80624,-0.10354,-0.33285,3.26974,0.00633,0.96822,2.09678,1.84651,-1.1624,0.40889,-1.37882,0.33494,0.61167,3.80914,-2.27089,-0.20619
117,0.57049,-4.18532,-3.0455,-0.00025,1.02034,2.99902,0.94921,-0.74913,0.24011,0.82913,-1.47896,0.07843,0.89952,1.85639,0.46182,-0.75633,-0.02577,-0.34611,3.71443,0.18592,1.00525,2.05181,1.7574,-1.23665,0.38581,-1.28286,0.45022,0.42131,3.73439,-2.40528,-0.31767
118,0.54473,-4.32061,-2.64459,-0.03017,1.30595,2.89555,0.71975,-0.46952,0.56669,0.87215,-1.42499,0.07535,0.84969,1.82395,0.51404,-0.60824,0.043,-0.33058,3.85687,0.34593,0.97475,1.9496,1.63527,-1.34861,0.47719,-1.17004,0.57728,0.2266,3.59762,-2.50126,-0.43961
119,0.5383,-4.34963,-2.49643,-0.04433,1.56025,2.75247,0.48861,-0.14999,0.78084,0.88921,-1.37158,0.10466,0.79534,1.85973,0.54737,-0.41236,0.09473,-0.30606,4.01155,0.47663,0.84349,1.83849,1.48461,-1.46749,0.5918,-1.02998,0.70842,0.06467,3.3721,-2.54773,-0.55628
120,0.54157,-4.26161,-2.68329,-0.03434,1.74336,2.57491,0.31193,0.14056,0.86544,0.88157,-1.28527,0.16051,0.75671,1.88632,0.53324,-0.28151,0.12144,-0.29281,4.22914,0.57398,0.59213,1.75882,1.31541,-1.55546,0.63504,-0.86391,0.83802,-0.05389,3.09309,-2.55791,-0.65135
121,0.53983,-4.05706,-3.07497,0.00497,1.83193,2.3707,0.2209,0.32599,0.87183,0.85563,-1.14568,0.23622,0.75143,1.82949,0.43951,-0.29506,0.12422,-0.30121,4.49548,0.63331,0.23662,1.72376,1.13865,-1.57201,0.56205,-0.6739,0.92051,-0.11658,2.77014,-2.55275,-0.7159
122,0.52013,-3.75228,-3.4663,0.07328,1.82036,2.14931,0.20748,0.39529,0.8676,0.82136,-0.97583,0.3242,0.78229,1.65315,0.27384,-0.50074,0.11422,-0.3257,4.76168,0.65199,-0.16498,1.71545,0.96228,-1.50296,0.41601,-0.45484,0.93544,-0.13611,2.38225,-2.53019,-0.74989
123,0.4717,-3.37306,-3.79296,0.16392,1.72406,1.91975,0.2342,0.41004,0.89898,0.78473,-0.86391,0.41576,0.83933,1.42733,0.06102,-0.8264,0.09205,-0.3528,,0.63879,-0.53682,1.71961,0.79135,-1.35515,0.31136,-0.20902,0.90501,-0.13316,1.93274,-2.50514,-0.7589
124,0.39059,-2.95745,-4.12523,0.26211,1.56493,1.68767,0.26449,0.39832,0.98907,0.74604,-0.82766,0.50243,0.90359,1.2923,-0.13776,-1.17344,0.04916,-0.36491,,0.60985,-0.82246,1.72426,0.62841,-1.16069,0.34789,0.03687,0.85149,-0.13638,1.42999,-2.4991,-0.74776
125,0.28718,-2.53619,-4.51445,0.35126,1.37095,1.45914,0.26786,0.38032,1.1275,0.70074,-0.83468,0.57684,0.94885,1.34315,-0.26456,-1.48468,-0.01556,-0.34578,,0.57826,-0.99379,1.70877,0.47572,-0.96018,0.54167,0.25384,0.80724,-0.17537,0.86823,-2.51254,-0.72049
126,0.17579,-2.12763,-4.92104,0.41766,1.16469,1.24463,0.22754,0.35178,1.26963,0.64258,-0.87876,0.63368,0.96078,1.55468,-0.28808,-1.76896,-0.09309,-0.29038,,0.5486,-1.0645,1.67179,0.33324,-0.77271,0.84383,0.4221,0.81364,-0.27618,0.33781,-2.56491,-0.6818
127,0.07246,-1.76771,-5.25685,0.45645,0.96513,1.06431,0.16196,0.32984,1.34001,0.56548,-0.95163,0.66927,0.93492,1.80378,-0.22869,-2.03343,-0.16999,-0.20814,,0.51811,-1.0463,1.6386,0.19957,-0.6055,1.17646,0.5357,0.90187,-0.43889,0.00345,-2.68583,-0.63813
128,-0.0061,-1.50032,-5.31789,0.46853,0.78759,0.931,0.09413,0.33568,1.2884,0.46916,-1.05583,0.68684,0.87569,1.99258,-0.13109,-2.26608,-0.21849,-0.11063,,0.48168,-0.94308,1.63771,0.07718,-0.46623,1.48825,0.60621,1.09245,-0.63322,-0.06408,-2.86539,-0.59904
129,-0.04987,-1.32577,-5.25475,0.45928,0.62936,0.84668,0.04802,0.38595,1.10485,0.35711,-1.17075,0.70086,0.7975,2.09736,-0.05622,-2.4028,-0.22149,-0.00707,,0.42977,-0.77888,1.66391,-0.02976,-0.35787,1.73879,0.65364,1.41332,-0.82028,0.10033,-3.09616,-0.57092
130,-0.0522,-1.20407,-5.14068,0.43632,0.46647,0.80506,0.04838,0.48093,0.83334,0.23456,-1.31871,0.72148,0.72223,2.19788,-0.05298,-2.41925,-0.18487,0.09597,,0.35,-0.59689,1.68946,-0.11982,-0.28165,1.91457,0.68708,1.82416,-0.9576,0.39826,-3.3478,-0.55474
131,-0.01006,-1.12867,-5.00371,0.40445,0.27289,0.79627,0.11989,0.59626,0.55063,0.10698,-1.57454,0.7529,0.67638,2.38061,-0.14335,-2.33229,-0.1201,0.19275,,0.23891,-0.42652,1.68924,-0.19137,-0.23988,2.03591,0.71436,2.21423,-1.02781,0.71912,-3.54038,-0.54748
132,0.07318,-1.08212,-4.85958,0.36801,0.02143,0.80911,0.2554,0.67453,0.32277,-0.02133,-2.01991,0.80046,0.67272,2.66739,-0.30459,-2.18019,-0.03918,0.27374,,0.10575,-0.27707,1.65261,-0.24297,-0.22634,2.09187,0.73596,2.484,-1.04083,1.05959,-3.57868,-0.54101
133,0.18265,-1.04521,-4.71533,0.33269,-0.2789,0.83545,0.42643,0.63669,0.18626,-0.14853,-2.60742,0.85951,0.69988,2.98544,-0.48769,-1.99273,0.05396,0.32707,,-0.03424,-0.15139,1.57241,-0.27591,-0.22374,2.06383,0.75274,2.59276,-1.02405,1.46664,-3.46127,-0.52511
134,0.30443,-1.03992,-4.56805,0.30235,-0.58174,0.87448,0.60319,0.42056,0.16012,-0.27677,-3.1838,0.924,0.73802,3.19807,-0.65857,-1.79021,0.16456,0.35197,,-0.17157,-0.04247,1.44946,-0.29676,-0.22011,1.95464,0.75619,2.56046,-1.01474,1.93189,-3.21515,-0.49312
135,0.42676,-1.11615,,0.2816,-0.82639,0.9329,0.76941,0.02279,0.20369,-0.41106,-3.68293,0.98541,0.76489,3.22557,-0.82859,-1.60113,0.29184,0.35737,,-0.30166,0.07129,1.32256,-0.30984,-0.21904,1.84067,0.73364,2.45579,-1.01997,2.37249,-2.86861,-0.44199
136,0.53545,-1.29511,,0.27043,-0.95938,1.0213,0.91088,-0.52095,0.27315,-0.55085,-4.01678,1.02949,0.76642,3.0519,-1.0504,-1.44231,0.41635,0.35322,,-0.42281,0.22522,1.25707,-0.31725,-0.2252,1.79164,0.66963,2.35871,-1.01966,2.70905,-2.46158,-0.37122
137,0.61517,-1.54877,,0.266,-0.95624,1.14151,1.02236,-1.1439,0.32683,-0.69106,-4.13109,1.03877,0.73708,2.71988,-1.36726,-1.31969,0.51323,0.34447,,-0.53548,0.41621,1.30323,-0.32346,-0.23611,1.84065,0.55145,2.33318,-0.97856,2.88917,-2.0276,-0.28298
138,0.66258,-1.81909,,0.2625,-0.82892,1.28776,1.11475,-1.69237,0.33657,-0.82582,-4.03315,0.99863,0.67556,2.32458,-1.79106,-1.31158,0.58343,0.33474,,-0.64107,0.60813,1.45271,-0.33287,-0.24761,1.97376,0.39076,2.38062,-0.87186,2.92174,-1.60905,-0.18177
139,0.6875,-2.03132,,0.25321,-0.62388,1.44922,1.2124,-2.06473,0.30987,-0.9525,-3.76837,0.9163,0.58417,1.98128,-2.29496,-1.46161,0.62171,0.32735,,-0.73787,0.77181,1.65877,-0.35116,-0.25916,2.11061,0.21472,2.41424,-0.7227,2.86513,-1.23376,-0.07213
140,0.7031,-2.10552,,0.23308,-0.39914,1.61034,1.34924,-2.23398,0.29024,-1.07419,-3.41074,0.81751,0.46933,1.73291,-2.84175,-1.69075,0.6169,0.32104,,-0.82437,0.89236,1.8887,-0.38387,-0.27843,2.19441,0.05974,2.366,-0.55922,2.79661,-0.91656,0.03832
141,0.7208,-2.00769,,0.20163,-0.20156,1.75784,1.55848,-2.22871,0.31418,-1.1956,-3.09901,0.72278,0.3406,1.53638,-3.37667,-1.85176,0.57278,0.3139,,-0.90038,0.95791,2.14694,-0.43049,-0.30666,2.21205,-0.04789,2.21591,-0.41275,2.71849,-0.6951,0.14128
142,0.74083,-1.76206,,0.16239,-0.06415,1.88476,1.8437,-2.10269,0.40039,-1.31537,-2.93178,0.64345,0.21105,1.32759,-3.84752,-1.85057,0.49994,0.29642,,-0.96317,0.96887,2.4223,-0.48365,-0.33491,2.20219,-0.09442,1.96891,-0.32052,2.58434,-0.58497,0.22929
143,0.75778,-1.44361,,0.11872,0.0004,1.99054,2.16102,-1.87938,0.53604,-1.43167,-2.87834,0.58352,0.09639,1.07919,-4.23028,-1.7268,0.38888,0.25692,,-1.01048,0.94458,2.67638,-0.53542,-0.34948,2.2144,-0.08773,1.65338,-0.28787,2.41854,-0.56776,0.29773
144,0.76605,-1.13947,,0.07242,0.00888,2.08016,2.46632,-1.56587,0.69526,-1.54597,-2.92469,0.54224,0.01161,0.81509,-4.52176,-1.63551,0.24455,0.1922,,-1.03369,0.91964,2.87996,-0.57636,-0.34219,2.27462,-0.04879,1.33106,-0.3013,2.23634,-0.64919,0.34282
145,0.75841,-0.96585,,0.02558,0.00599,2.15928,2.74248,-1.16396,0.82677,-1.66308,-3.02036,0.51697,-0.04109,0.60844,-4.72773,-1.67573,0.09301,0.11696,,-1.01303,0.91597,3.01492,-0.59528,-0.31958,2.41318,-0.00913,1.0747,-0.33793,2.02427,-0.81072,0.3637
146,0.72454,-0.97641,,-0.01707,0.03323,2.22755,2.98747,-0.69829,0.88055,-1.78159,-3.05152,0.49583,-0.07463,0.54689,-4.84123,-1.88294,-0.04219,0.0469,,-0.94183,0.93549,3.0797,-0.5863,-0.29454,2.60377,0.01022,0.93054,-0.36772,1.80846,-0.99425,0.36556
147,0.65712,-1.10898,,-0.04801,0.11121,2.27821,3.19657,-0.23431,0.83321,-1.89225,-2.99956,0.45904,-0.11103,0.67902,-4.87153,-2.15302,-0.14188,-0.00797,,-0.82627,0.97125,3.07806,-0.54405,-0.28572,2.79348,0.01046,0.90596,-0.3653,1.61824,-1.16023,0.35687
148,0.56075,-1.26996,,-0.06128,0.23888,2.30286,3.36671,0.16753,0.69274,-1.98333,-2.93227,0.39076,-0.16274,0.96747,-4.83101,-2.31876,-0.18652,-0.03499,,-0.68335,1.01613,2.9955,-0.46871,-0.30703,2.96693,0.00425,0.93496,-0.332,1.45607,-1.2722,0.34283
149,0.45031,-1.3863,,-0.05517,0.39618,2.29515,3.50654,0.43166,0.49883,-2.04403,-2.89504,0.28323,-0.22379,1.28682,-4.75541,-2.27877,-0.16938,-0.02712,,-0.54104,1.0737,2.81384,-0.3709,-0.34896,3.0857,0.01092,0.93358,-0.28447,1.32702,-1.31269,0.32284
150,0.33884,-1.45585,,-0.03128,0.5456,2.25718,3.61948,0.48967,0.29979,-2.06884,-2.92811,0.13763,-0.28505,1.52487,-4.68226,-2.02798,-0.12023,0.01461,,-0.42134,1.13076,2.53051,-0.26881,-0.38653,3.16707,0.06175,0.87575,-0.24559,1.28525,-1.31901,0.29635
151,0.23618,-1.5225,,0.00689,0.65021,2.20313,3.70964,0.32923,0.12278,-2.05777,-3.00864,-0.03621,-0.34289,1.63806,-4.60555,-1.70911,-0.0712,0.08021,,-0.34019,1.1851,2.15782,-0.17513,-0.3886,3.2595,0.18011,0.77153,-0.24368,1.38802,-1.35603,0.26619
152,0.15426,-1.6659,,0.05257,0.68929,2.15381,3.76828,-0.00348,-0.02922,-2.01863,-3.06669,-0.21838,-0.39989,1.63362,-4.49313,-1.49225,-0.04607,0.15472,,-0.31091,1.24656,1.74134,-0.097,-0.33507,3.37632,0.37096,0.63675,-0.28992,1.72671,-1.40126,0.23703
153,0.10213,-1.95723,,0.09448,0.65888,2.1241,3.78041,-0.43483,-0.17067,-1.96168,-3.06477,-0.38554,-0.45638,1.5943,-4.31428,-1.46798,-0.05921,0.22377,,-0.34006,1.31178,1.35385,-0.04032,-0.23219,3.52856,0.62251,0.49654,-0.35778,2.06233,-1.38849,0.2155
154,0.07743,-2.40785,,0.12072,0.58483,2.11831,3.72844,-0.87591,-0.32417,-1.89786,-3.09369,-0.51709,-0.51846,1.61099,-4.07391,-1.6145,-0.10996,0.28121,,-0.41988,1.38165,1.06365,-0.00405,-0.10125,3.69152,0.90201,0.38477,-0.4087,2.39721,-1.28002,0.2068
155,0.07428,-2.94622,,0.1234,0.52165,2.13508,3.62034,-1.31344,-0.53024,-1.83842,-3.23189,-0.60448,-0.59679,1.70161,-3.79386,-1.76085,-0.18849,0.32893,,-0.53148,1.46479,0.89616,0.01776,0.03518,3.82321,1.16656,0.34683,-0.41171,2.73423,-1.07084,0.21218
156,0.08057,-3.46117,,0.10243,0.50684,2.17028,3.48761,-1.75995,-0.77899,-1.78614,-3.50039,-0.65412,-0.68996,1.8352,-3.54254,-1.76517,-0.28397,0.37768,,-0.65403,1.56588,0.81242,0.02917,0.14615,3.93015,1.37419,0.3707,-0.35728,3.07463,-0.79972,0.22695
157,0.08383,-3.8487,,0.06555,0.54815,2.2177,3.35332,-2.22709,-1.04383,-1.73698,-3.88468,-0.67253,-0.79141,1.98043,-3.38169,-1.58492,-0.37471,0.43891,,-0.77765,1.67356,0.77895,0.03345,0.20059,4.01277,1.50783,0.42753,-0.25448,3.42002,-0.52816,0.24243
158,0.08042,-4.05734,,0.02356,0.62822,2.26886,3.23244,-2.6789,-1.28941,-1.68308,-4.33969,-0.66388,-0.89317,2.12374,-3.33493,-1.25329,-0.4325,0.51245,,-0.91464,1.78674,0.7689,0.03862,0.19236,4.05938,1.56194,0.50458,-0.13234,3.77132,-0.31917,0.25065
159,0.06652,-4.09257,,-0.01227,0.72088,2.31088,3.14864,-3.04118,-1.48288,-1.61603,-4.82427,-0.64499,-0.97681,2.24769,-3.36385,-0.87206,-0.43865,0.59445,,-1.07832,1.90919,0.74477,0.05594,0.12993,4.02098,1.54668,0.60848,-0.02659,4.12718,-0.21983,0.24882
160,0.03781,-3.96275,,-0.0325,0.79942,2.33015,3.12048,-3.22874,-1.60498,-1.53011,-5.27092,-0.63241,-1.02491,2.35313,-3.40399,-0.62347,-0.3956,0.68734,,-1.27485,2.04106,0.68178,0.10103,0.02624,3.90249,1.4823,0.72221,0.02869,,-0.24155,0.23971
161,-0.00144,-3.70929,,-0.0297,0.83338,2.31901,3.14746,-3.21162,-1.6702,-1.41971,-5.64367,-0.63289,-1.02781,2.45375,-3.41296,-0.57261,-0.32904,0.78314,,-1.49412,2.19832,0.58407,0.18199,-0.09457,3.75174,1.38447,0.82018,0.01811,,-0.31923,0.22934
162,-0.03762,-3.40461,,-0.0031,0.80928,2.27832,3.21174,-3.05641,-1.6905,-1.28181,-5.887,-0.64391,-0.98631,2.57417,-3.38955,-0.554194755,-0.26997,0.86541,,-1.71871,2.39068,0.47735,0.29229,-0.20672,3.59702,1.26326,0.885,-0.03507,,-0.37769,0.21935
163,-0.06478,-3.11788,,0.04164,0.72128,2.21513,3.28494,-2.8199,-1.66525,-1.11651,-5.86039,-0.65423,-0.91157,2.74663,-3.35195,-0.52751,-0.23026,0.92241,,-1.92979,2.59254,0.39219,0.41892,-0.29198,3.47172,1.1371,0.90383,-0.09349,,-0.36362,0.21045
164,-0.08476,-2.86037,,0.09556,0.57335,2.13968,3.33557,-2.52845,-1.57619,-0.92727,-5.85995,-0.6487,-0.81835,2.97252,-3.34837,-0.48536,-0.18436,0.94496,,-2.11602,2.76963,0.34117,0.54016,-0.34568,3.38457,1.01835,0.87337,-0.15598,,-0.26907,0.20485
165,-0.09753,-2.60913,,0.14696,0.39084,2.06726,3.34419,-2.2179,-1.40931,-0.72152,-5.88677,-0.61744,-0.72034,3.21105,-3.42683,-0.43375,-0.11597,0.92176,,-2.26584,2.89992,0.30358,0.63037,-0.37184,3.31575,0.91163,0.80454,-0.23379,,-0.13946,0.203
166,-0.09394,-2.35546,,0.18578,0.21401,2.01384,3.31401,-1.92312,-1.17511,-0.51092,-5.91648,-0.57077,-0.62838,3.41245,-3.5849,-0.38579,-0.01693,0.85173,,-2.36634,2.98593,0.24429,0.67377,-0.37867,3.277,0.81565,0.7237,-0.31696,,-0.04096,0.20446
167,-0.07084,-2.11696,,0.20932,0.0858,1.98358,3.25728,-1.64918,-0.8983,-0.30754,-5.93245,-0.52622,-0.55282,3.49991,-3.8029,-0.35572,0.12405,0.74605,,-2.40846,3.04605,0.16533,0.67184,-0.38395,3.25378,0.72473,0.67617,-0.38774,,-0.02121,0.21172
168,-0.03179,-1.93121,,0.21882,0.0181,1.97222,3.18652,-1.37913,-0.60322,-0.12308,-5.92577,-0.48979,-0.49853,3.40392,-4.02744,,0.29516,0.62974,,-2.39121,3.11396,0.07567,0.63744,-0.4175,3.23198,0.63724,0.68964,-0.43238,,-0.08668,0.22784
169,0.01736,-1.7919,,0.21549,-0.00886,1.97219,3.12745,-1.11931,-0.30986,0.03219,-5.89365,-0.45937,-0.46479,3.1329,-4.16978,,0.46042,0.53504,,-2.3215,3.2128,-0.00734,0.58924,-0.50458,3.20266,0.54932,0.76159,-0.44259,,-0.17686,0.25275
170,0.07564,-1.68564,,0.2006,-0.01324,1.97849,3.11369,-0.87636,-0.03885,0.15591,-5.83963,-0.43235,-0.44858,2.77105,-4.20654,,0.58028,0.47896,,-2.22073,3.34041,-0.04247,0.54775,-0.64503,3.14629,0.45838,0.85359,-0.43391,,-0.206,0.28301
171,0.14661,-1.58777,,0.17513,-0.00988,1.98643,3.16533,-0.65098,0.21562,0.25544,,-0.40915,-0.44391,2.42188,-4.1961,,0.65184,0.45837,,-2.11913,3.50044,0.0183,0.52388,-0.81478,3.08075,0.36639,0.93578,-0.42862,,-0.1469,0.31621
172,0.23526,-1.46827,,0.13539,-0.00934,1.9894,3.2443,-0.51367,0.46049,0.33986,,-0.3976,-0.4405,2.15806,-4.20889,,0.71323,0.45347,,-2.03,3.68176,0.19671,0.52238,-0.97732,3.06445,0.28279,1.0023,-0.44871,,-0.04376,0.35154
173,0.34452,-1.33599,,0.07581,-0.01579,1.98282,3.2854,-0.52491,0.68235,0.41022,,-0.40485,-0.42554,1.99586,-4.25577,,0.79504,0.43964,,-1.93578,3.86293,0.47206,0.54496,-1.09081,3.12754,0.22838,1.06429,-0.5121,,0.04561,0.38767
174,0.47735,-1.24696,,-0.00599,-0.03421,1.9644,3.23762,-0.69565,0.85556,0.46585,,-0.43022,-0.39267,1.90975,-4.28942,,0.89379,0.40104,,-1.80865,4.01268,0.82098,0.58695,-1.13188,3.25107,0.21211,1.11866,-0.62165,,0.09616,0.42038
175,0.63483,-1.23758,,-0.10837,-0.06163,1.92945,3.08944,-1.0106,0.97261,0.50715,,-0.46725,-0.35031,1.8518,-4.25895,,0.98899,0.32771,,-1.63928,4.09698,1.21958,0.63678,-1.10558,3.38488,0.23743,1.19793,-0.75991,,0.09778,0.44483
176,0.8191,-1.31804,,-0.22488,-0.08397,1.86861,2.885,-1.40269,1.04857,0.53516,,-0.50593,-0.31192,1.81702,-4.14704,,1.05976,0.22898,,-1.44486,4.08468,1.62883,0.68218,-1.03883,3.49226,0.31392,1.33943,-0.89663,,0.04735,0.45709
177,1.02418,-1.45641,,-0.34632,-0.07961,1.77073,2.70207,-1.79937,1.09979,0.54788,,-0.53811,-0.28932,1.9417,-3.95422,,1.09613,0.13151,,-1.25334,3.96756,2.02601,0.70952,-0.96942,3.54124,0.44149,1.5513,-1.01164,,-0.02814,0.45709
178,1.24068,-1.5817,,-0.46506,-0.02137,1.63252,2.60945,-2.12873,1.13091,0.5438,,-0.55875,-0.28633,2.15609,-3.71585,,1.08054,0.05478,,-1.08593,3.80288,2.39943,0.71073,-0.91619,3.53098,0.60802,1.78587,-1.10702,,-0.08616,0.44708
179,1.45798,-1.63339,,-0.57549,0.10318,1.46466,2.64562,-2.31409,1.12453,0.52642,,-0.56497,-0.30242,2.39068,-3.49693,,1.00781,0.00762,,-0.95493,3.66401,2.71509,0.69352,-0.88852,3.49331,0.78924,2.00939,-1.18816,,-0.10321,0.42852
180,1.66715,-1.61267,,-0.67424,0.29584,1.287,2.80779,-2.37431,1.06793,0.49714,,-0.55386,-0.33359,2.63174,-3.33418,,0.89545,-0.00945,,-0.86939,3.59514,2.95074,0.66847,-0.89093,3.46331,0.95046,2.22422,-1.25513,,-0.10575,0.40539
181,1.85751,-1.55629,,-0.75998,0.52959,1.12054,3.07827,-2.44242,0.97558,0.45633,,-0.52107,-0.36185,2.87642,-3.19171,,0.77292,-0.01007,,-0.83519,3.60459,3.09616,0.64191,-0.91556,3.44943,1.06228,2.42402,-1.30888,,-0.15691,0.3818
182,2.01631,-1.48282,,-0.8335,0.75824,0.98318,3.41578,-2.5868,0.89226,0.40391,,-0.46027,-0.36101,3.12607,-3.0145,,0.67322,-0.00623,,-0.85014,3.67175,3.13967,0.62501,-0.94535,3.40513,1.10921,2.61558,-1.35622,,-0.27805,0.36
183,2.13566,-1.39635,,-0.89897,0.944,0.8853,3.75718,-2.85746,0.85666,0.33675,,-0.36727,-0.32131,3.38402,-2.76047,,0.60413,-0.01069,,-0.90183,3.7504,3.08101,0.62771,-0.95894,3.33959,1.09732,2.81048,-1.41981,,-0.44348,0.34141
184,2.21475,-1.31927,,-0.9611,1.07459,0.82214,4.04082,-3.15506,0.88313,0.25513,,-0.24693,-0.24477,3.65502,-2.43405,,0.55366,-0.03442,,-0.95963,3.79795,2.94365,0.65017,-0.9414,3.26233,1.04733,3.05982,-1.51582,,-0.61953,0.32745
185,2.26567,-1.30009,,-1.02324,1.14596,0.77826,4.21601,-3.43868,0.95147,0.16378,,-0.11313,-0.1432,3.94195,-2.06555,,0.50414,-0.07662,,-0.98305,3.77704,2.7632,0.68626,-0.90407,3.18101,0.98258,3.23463,-1.64345,,-0.74107,0.31883
186,2.3081,-1.32501,,-1.0853,1.17305,0.7391,4.25336,-3.69364,1.01803,0.06656,,0.02751,-0.03415,,-1.7093,,0.43537,-0.13147,,-0.94904,3.65742,2.49565,0.72986,-0.86484,3.10276,0.9112,3.39486,-1.75531,,-0.75835,0.3147
187,2.34768,-1.32672,,-1.14452,1.18126,0.6943,4.15762,-3.91773,1.06095,-0.03405,,0.17239,0.07399,,-1.43387,,0.31738,-0.1868,,-0.85561,3.44961,2.30428,0.77064,-0.8421,3.03183,0.83923,3.55837,-1.81884,,-0.68197,0.31921
188,2.38409,-1.25376,,-1.19543,1.19493,0.63328,3.97,-4.11709,1.0673,-0.13585,,0.31701,0.1819,,-1.2822,,0.12459,-0.22607,,-0.72366,3.20835,2.12684,0.7939,-0.84188,2.96828,0.77833,3.7316,-1.82478,,-0.56785,0.3403
189,2.41424,-1.11036,,-1.23135,1.23237,0.54866,3.76331,-4.30343,1.03345,-0.23566,,0.45964,0.29422,,-1.44754,,-0.12815,-0.24198,,-0.57598,2.99951,1.94455,0.79017,-0.86022,2.90856,0.7403,3.91549,-1.76683,,-0.48837,0.38554
190,2.43199,-0.96389,,-1.24804,1.29754,0.43587,3.62091,-4.48554,0.97551,-0.33079,,0.59824,0.41132,,-1.59947,,-0.38124,-0.23608,,-0.42925,2.89913,1.75202,0.75706,-0.88707,,0.72211,4.10613,-1.64137,,-0.50296,0.45954
191,2.43284,-0.9096,,-1.24407,1.3891,0.29197,3.59353,,0.92618,-0.41829,,0.72865,0.53121,,-1.73516,,-0.56606,-0.2107,,-0.29971,2.95534,1.54864,0.69805,-0.90532,,0.71257,4.29887,-1.4766,,-0.62281,0.56255
192,2.41312,-1.25629,,-1.21802,1.50422,0.12167,3.64901,,0.89151,-0.49372,,0.85161,0.64882,,-1.87221,,-0.62843,-0.1658,,-0.21331,3.17516,1.33815,0.62006,-0.90464,,0.7006,4.48864,-1.32389,,-0.81134,0.69252
193,2.36287,-1.60355,,-1.16817,1.6332,-0.06087,3.70378,,0.88897,-0.55061,,0.9729,0.75698,,-2.0217,,-0.56622,-0.10898,,-0.18672,3.49169,1.12679,0.52802,-0.88447,,0.68107,4.67098,-1.22956,,-1.09237,0.84779
194,2.26791,-1.94752,,-1.09451,1.76268,-0.23632,3.66824,,0.94411,-0.58521,,1.09146,0.84565,,-2.19005,,-0.41887,-0.05239,,-0.2113,3.81049,0.92017,0.4277,-0.84388,,0.66271,,-1.2214,,-1.41007,1.02644
195,2.12284,-2.2988,,-0.99863,1.88982,-0.3849,3.50526,,1.05745,-0.60282,,1.20091,0.9034,,-2.38221,,-0.2253,-0.01153,,-0.25513,4.06244,0.72119,0.33076,-0.78162,,0.65417,,-1.30228,,-1.71249,1.22229
196,1.9406,-2.66232,,-0.88849,2.0104,-0.48838,3.22505,,1.19584,-0.60957,,1.29303,0.92473,,-2.59891,,-0.0385,-0.00369,,-0.28502,4.22748,,0.24814,-0.70619,,0.66088,,-1.44942,,-2.00282,1.42281
197,1.74686,-3.04008,,-0.77505,2.13595,-0.5373,2.88063,,1.3032,-0.60912,,1.36044,0.91156,,-2.83674,,0.08242,-0.0322,,-0.26958,4.33987,,0.19504,-0.62922,,0.68591,,-1.61155,,-2.29003,1.61292
198,1.56787,-3.43269,,-0.66871,2.2844,-0.53492,2.5516,,1.34358,-0.60409,,1.40422,0.86813,,-3.09189,,0.1112,-0.08491,,-0.19312,4.45243,,0.1904,-0.55939,,0.72915,,-1.71887,,-2.58298,1.78204
199,1.42605,-3.84041,,-0.57568,2.46865,-0.49242,2.30164,,1.3158,-0.5956,,1.4368,0.8041,,,,0.07856,-0.13522,,-0.06495,4.57747,,0.23678,-0.50019,,0.78595,,-1.69823,,-2.88923,1.92571
200,1.33011,-4.26167,,-0.50211,2.67774,-0.42205,2.16766,,1.26178,-0.58528,,1.47161,0.73028,,,,0.04032,-0.14989,,0.08275,4.70025,,0.3213,-0.45811,,0.84141,,-1.53425,,-3.21433,2.04359
201,1.27257,-4.69266,,-0.45116,2.88154,-0.33926,2.14966,,1.2383,-0.57575,,1.51025,0.65687,,,,0.05644,-0.11695,,0.21453,4.7979,,0.42424,-0.42573,,0.89091,,-1.27872,,-3.56065,2.14006
202,1.24075,,,-0.42132,3.05087,-0.25891,2.19746,,1.29142,-0.57108,,1.54472,0.58996,,,,0.17345,-0.0428,,0.31826,4.83591,,0.52482,-0.38722,,0.93163,,-1.01451,,-3.92864,2.22151
203,1.21607,,,-0.40759,3.15688,-0.19105,2.24843,,1.47351,-0.57621,,1.56034,0.52511,,,,0.3906,0.0487,,0.40179,4.77752,,0.60404,-0.31963,,0.95706,,-0.8363,,,2.29636
204,1.17961,,,-0.40226,3.19486,-0.14085,2.24695,,1.71803,-0.5927,,1.54597,0.45104,,,,0.68113,0.12135,,0.47035,4.61674,,0.64837,-0.20233,,0.96932,,-0.80409,,,2.36956
205,1.11394,,,-0.39506,3.18163,-0.10898,2.16406,,1.96816,-0.61689,,1.50088,0.36478,,,,0.99468,0.148622236,,0.52911,4.27313,,0.65609,-0.04149,,0.97609,,-0.90192,,,2.44127
206,1.01035,,,-0.37879,3.13213,-0.09307,2.00341,,2.20851,-0.63929,,1.43248,0.27508,,,,1.26736,0.11209,,0.58888,4.02302,,0.63523,0.14943,,0.98627,,-1.07029,,,2.51024
207,0.8669,,,-0.35149,3.04017,-0.09192,1.77812,,2.43679,-0.64773,,1.35262,0.19577,,,,1.4602,0.01074,,0.65929,3.79872,,0.60078,0.34847,,1.00149,,-1.38393,,,2.57078
208,0.69287,,,-0.3139,2.90224,-0.10342,1.52221,,2.65626,-0.63399,,1.27152,0.14421,,,,1.57722,-0.14076,,0.74574,3.57762,,0.56768,0.52784,,1.01083,,-1.70886,,,2.61197
209,0.5025,,,-0.26936,2.72257,-0.1196,1.29836,,2.87127,-0.59629,,1.20677,0.12222,,,,1.66994,-0.32949,,0.84885,3.35306,,0.5477,0.66974,,0.99405,,-2.00939,,,2.62168
210,0.31113,,,-0.22188,2.50055,-0.12676,1.17391,,3.08588,-0.54152,,1.16961,0.12477,,,,1.80312,-0.54107,,0.96465,3.12343,,0.54797,0.77069,,0.93563,,-2.30053,,,2.5907
211,0.1372,,,-0.17574,2.23201,-0.1074,1.1791,,3.3037,-0.4766,,1.16743,0.14834,,,,2.01615,-0.75917,,1.08195,2.89063,,0.56741,0.83751,,0.82263,,-2.59743,,,2.51223
212,-0.00551,,,-0.13437,1.91894,-0.05329,1.28345,,3.52826,-0.40792,,1.20104,0.19317,,,,2.30284,-0.97538,,1.18743,2.65812,,0.596,0.87872,,0.66116,,-2.91053,,,2.38694
213,-0.11372,,,-0.09807,1.57325,0.03533,1.41796,,3.76179,-0.34104,,1.257,0.25942,,,,2.60476,-1.18487,,1.26836,2.43045,,0.62413,0.90252,,0.47568,,-3.24657,,,2.22583
214,-0.19811,,,-0.06686,1.22007,0.15309,1.50342,,,-0.27617,,1.31199,0.34051,,,,2.86599,-1.37833,,1.31722,2.21245,,0.64587,0.90736,,0.28575,,-3.60871,,,2.04426
215,-0.2727,,,-0.0389,0.88353,0.28976,1.51721,,,-0.2149,,1.3411,0.42304,,,,2.84684,-1.55191,,1.32851,2.00821,,0.65385,0.87495,,0.10766,,-3.99741,,,1.85611
216,-0.33817,,,-0.01233,0.59062,0.43237,1.49052,,,-0.15831,,1.32923,0.49189,,,,2.76169,-1.69859,,1.29875,,,0.64376,0.806,,-0.04055,,-4.41268,,,1.67166
217,-0.39291,,,0.0137,0.37195,0.57318,1.4787,,,-0.10533,,1.27677,0.53536,,,,2.65388,-1.81493,,1.22993,,,0.62031,0.70858,,-0.14199,,-4.85336,,,1.49814
218,-0.44021,,,0.04217,0.22761,0.7065,1.54261,,,-0.05684,,1.20254,0.53988,,,,2.53343,-1.90481,,1.13518,,,0.58933,0.58882,,-0.18566,,,,,1.34392
219,-0.48671,,,0.07785,0.15212,0.82389,1.71612,,,-0.01329,,1.12725,0.50354,,,,2.40414,-1.97592,,1.04274,,,0.54893,0.44949,,-0.17317,,,,,1.21421
220,-0.53884,,,0.12408,0.12861,0.9151,2.00215,,,0.0267,,1.07648,0.43934,,,,2.26719,-2.03512,,0.97736,,,0.49713,0.29285,,-0.11916,,,,,1.10915
221,-0.59566,,,0.17717,0.14054,0.97367,2.36208,,,0.06449,,1.06787,0.36778,,,,2.12237,-2.08172,,0.94421,,,0.43562,0.12818,,-0.04739,,,,,1.0261
222,-0.64507,,,0.232946899,0.17733,0.99705,2.66419,,,0.10091,,1.10537,0.30271,,,,1.96875,-2.10896,,0.93197,,,0.36486,-0.02961,,0.02923,,,,,0.96
223,-0.67255,,,0.28714,0.24661,0.98695,2.93424,,,0.1397,,1.17778,0.24815,,,,1.80536,-2.1081,,0.92857,,,0.2851,-0.17137,,0.11059,,,,,0.90371
224,-0.68108,,,0.33274,0.35741,0.9537,3.186,,,0.18548,,1.26361,0.20238,,,,1.63227,-2.07235,,0.92201,,,0.19827,-0.30802,,0.20441,,,,,0.85023
225,-0.68123,,,0.36134,0.5189,0.91291,3.42761,,,0.24918,,1.33334,0.16062,,,,1.4484,-2.00021,,0.90631,,,0.11052,-0.46095,,0.31934,,,,,0.79293
226,-0.68522,,,0.36882,0.7408,0.8802,3.66581,,,0.34203,,1.35786,0.11089,,,,,-1.88727,,0.88201,,,0.03688,-0.64389,,0.46325,,,,,0.72698
227,-0.70488,,,0.35729,1.01128,0.86596,3.90556,,,0.46532,,1.31771,0.04127,,,,,-1.72428,,0.8565,,,-0.00544,-0.85175,,0.64299,,,,,0.65081
228,-0.75251,,,0.33447,1.29521,0.86958,4.14957,,,0.61105,,1.21075,-0.05019,,,,,-1.513,,0.83708,,,-0.01017,-1.06295,,0.85179,,,,,0.56785
229,-0.82629,,,0.31295,1.55946,0.88442,4.39797,,,0.76889,,1.04899,-0.15673,,,,,-1.2721,,0.82582,,,0.01625,-1.2464,,1.07784,,,,,0.48553
230,-0.9166,,,0.30323,1.7838,0.90253,4.64834,,,0.93322,,0.8567,-0.26497,,,,,-1.02974,,0.82228,,,0.05475,-1.3794,,1.30761,,,,,0.41215
231,-1.01433,,,0.31057,1.94796,0.91265,4.89856,,,1.09892,,0.66266,-0.35489,,,,,-0.81932,,0.82368,,,0.08538,-1.44766,,1.51036,,,,,0.35325
232,-1.11632,,,0.33219,2.03638,0.90386,5.1467,,,1.25673,,0.48632,-0.40779,,,,,-0.66557,,0.82435,,,0.10037,-1.44663,,1.66162,,,,,0.31193
233,-1.22243,,,0.36365,2.04677,0.86808,,,,1.39921,,0.3403,-0.41071,,,,,-0.56724,,0.82392,,,0.10233,-1.39272,,1.75051,,,,,0.28663
234,-1.33115,,,0.39919,1.9925,0.80097,,,,1.52125,,0.22961,-0.3669,,,,,-0.51359,,0.8334,,,0.09493,-1.31581,,1.78859,,,,,0.27128
235,-1.43638,,,0.43114,1.80571,0.70104,,,,1.61885,,0.15434,-0.29297,,,,,-0.48325,,0.86452,,,0.08552,-1.25049,,1.80282,,,,,0.25893
236,-1.53054,,,0.4532,1.69607,0.57136,,,,1.68771,,0.09874,-0.19322,,,,,-0.45598,,0.92937,,,0.0854,-1.23656,,1.81289,,,,,0.24055
237,-1.61158,,,0.46232,1.60683,0.42145,,,,1.72872,,0.04928,-0.06809,,,,,-0.41034,,1.02218,,,0.1012,-1.29452,,1.81672,,,,,0.20904
238,-1.67887,,,0.45988,1.51423,0.26404,,,,1.74923,,-0.00435,0.07845,,,,,-0.33671,,1.12624,,,0.13065,-1.42145,,1.80254,,,,,0.15929
239,-1.73208,,,0.44902,1.41039,0.11112,,,,1.75946,,-0.06924,0.23479,,,,,-0.23431,,1.22346,,,0.16957,-1.59286,,1.75903,,,,,0.08844
240,-1.77338,,,0.43258,1.29403,-0.02132,,,,1.76445,,-0.14417,0.38682,,,,,-0.12304,,1.29669,,,0.21766,-1.77998,,1.68422,,,,,0.00055
241,-1.80282,,,0.41117,1.16654,-0.12175,,,,1.76203,,-0.21796,0.52794,,,,,-0.04516,,1.32792,,,0.27755,-1.94696,,1.59046,,,,,-0.0953
242,-1.81359,,,0.38471,1.03095,-0.18571,,,,1.74386,,-0.26642,0.66622,,,,,-0.02605,,1.31704,,,0.34682,-2.05042,,1.49035,,,,,-0.19075
243,-1.7993,,,0.35385,0.8913,-0.21578,,,,1.70012,,-0.26993,0.80969,,,,,-0.07583,,1.27624,,,0.41397,-2.07147,,1.38833,,,,,-0.2817
244,-1.76553,,,0.32411,0.75156,-0.2216,,,,1.62545,,-0.21361,0.95306,,,,,-0.19055,,1.22064,,,0.4673,-2.01544,,1.28474,,,,,-0.36556
245,-1.71898,,,0.30117,0.61567,-0.21113,,,,1.52007,,-0.09213,1.08975,,,,,-0.35492,,1.16009,,,0.508,-1.90634,,1.18354,,,,,-0.44371
246,-1.66198,,,0.29094,0.48687,-0.19397,,,,1.38537,,0.08206,1.20557,,,,,-0.54543,,1.09479,,,0.54569,-1.77718,,1.09024,,,,,-0.51951
247,-1.5898,,,0.29982,,-0.18134,,,,1.22165,,0.27693,1.28287,,,,,-0.73945,,1.0195,,,0.59734,-1.65963,,1.00623,,,,,-0.59207
248,-1.49236,,,0.32768,,-0.1828,,,,1.02854,,0.45841,1.31016,,,,,-0.91832,,0.9365,,,0.674,-1.58467,,0.93312,,,,,-0.65631
249,-1.3578,,,0.36951,,-0.20434,,,,0.81041,,0.59568,1.2934,,,,,-1.0693,,0.85374,,,0.77176,-1.57538,,0.87389,,,,,-0.70589
250,-1.18386,,,0.41563,,-0.24749,,,,0.57631,,0.68554,1.2524,,,,,-1.1891,,0.77648,,,0.87258,-1.63399,,0.83795,,,,,-0.73265
251,-0.97867,,,0.45656,,-0.30701,,,,0.33742,,0.73903,1.20324,,,,,-1.28642,,0.70842,,,0.9568,-1.73246,,0.82982,,,,,-0.73726
252,-0.75801,,,0.48473,,-0.36748,,,,0.10489,,0.77129,1.15664,,,,,-1.37887,,0.64318,,,1.01553,-1.83433,,0.85397,,,,,-0.72351
253,-0.53299,,,0.49351,,-0.41316,,,,-0.11756,,0.78827,1.12175,,,,,-1.49715,,0.56936,,,1.04788,-1.91754,,0.91489,,,,,-0.69958
254,-0.31526,,,0.48154,,-0.43427,,,,-0.32731,,0.79591,1.11046,,,,,-1.66437,,0.4743,,,1.05687,-1.96818,,1.01076,,,,,-0.67652
255,-0.11309,,,0.44703,,-0.42406,,,,-0.52088,,0.80014,1.1256,,,,,-1.87722,,0.35386,,,1.04456,-1.96853,,1.1309,,,,,-0.66042
256,0.07105,,,0.39086,,-0.38094,,,,-0.69685,,0.80622,1.16212,,,,,-2.10558,,0.21561,,,1.01353,-1.91114,,1.25662,,,,,-0.65414
257,0.23645,,,0.3172,,-0.31446,,,,-0.85093,,0.81947,1.20988,,,,,-2.30129,,0.07658,,,0.96592,-1.82167,,1.3678,,,,,-0.66082
258,0.37631,,,0.23279,,-0.24103,,,,-0.97902,,0.84685,1.26082,,,,,-2.42214,,-0.03374,,,0.90352,-1.8201,,1.46028,,,,,-0.68432
259,0.49156,,,0.14481,,-0.17891,,,,-1.08058,,0.89194,1.30422,,,,,-2.44217,,-0.07639,,,0.82569,-1.88769,,1.54879,,,,,-0.72611
260,0.59231,,,0.06093,,-0.14392,,,,-1.15795,,0.95241,1.32683,,,,,-2.35653,,-0.03502,,,0.7336,-1.99989,,1.65082,,,,,-0.78314
261,0.69113,,,-0.01318,,-0.14623,,,,-1.21813,,1.02774,1.3265,,,,,-2.08404,,0.07814,,,0.63613,-2.13946,,1.78562,,,,,-0.84974
262,0.79536,,,-0.07449,,-0.19066,,,,-1.27132,,1.20964,1.3117,,,,,-1.85167,,0.2369,,,0.54251,-2.29656,,1.95947,,,,,-0.91851
263,0.89798,,,-0.12241,,-0.27139,,,,-1.32265,,1.42943,1.29767,,,,,-1.65074,,0.40424,,,0.46064,-2.46414,,2.15914,,,,,-0.98214
264,0.98429,,,-0.15957,,-0.37158,,,,-1.37571,,1.6604,1.29873,,,,,-1.46775,,0.55048,,,0.39061,-2.63668,,2.36479,,,,,-1.03301
265,1.04038,,,-0.189,,-0.47002,,,,-1.43285,,1.89688,1.3282,,,,,-1.29378,,0.65523,,,0.32704,-2.81083,,2.55793,,,,,-1.06702
266,1.06187,,,-0.21692,,-0.54656,,,,-1.48899,,2.13814,1.4016,,,,,-1.12264,,0.70769,,,0.26176,-2.98461,,2.71815,,,,,-1.08382
267,1.04946,,,-0.24979,,-0.58567,,,,-1.53769,,2.38443,1.52991,,,,,-0.94935,,0.71252,,,0.18578,-3.15655,,2.82839,,,,,-1.08689
268,1.00536,,,-0.29266,,-0.57622,,,,-1.57546,,2.63626,1.70596,,,,,-0.77052,,0.68606,,,0.09277,-3.32583,,2.88168,,,,,-1.08422
269,0.93259,,,-0.34699,,-0.51604,,,,-1.59895,,2.89454,1.90191,,,,,-0.58435,,0.63396,,,-0.01754,-3.49333,,2.88477,,,,,-1.08716
270,0.83018,,,-0.40918,,-0.41349,,,,-1.6062,,3.16031,2.09001,,,,,-0.39062,,0.55556,,,-0.13908,-3.66157,,2.79232,,,,,-1.10485
271,0.69678,,,-0.47268,,-0.2813,,,,-1.59202,,3.43449,2.25917,,,,,-0.19078,,0.45498,,,-0.26406,-3.83251,,2.74398,,,,,-1.13969
272,0.54119,,,-0.52804,,-0.1353,,,,-1.55011,,3.71751,2.39956,,,,,0.01352,,0.34395,,,-0.38633,,,2.72281,,,,,-1.1901
273,0.38302,,,-0.56745,,0.00525,,,,-1.47403,,4.00956,2.49866,,,,,0.22092,,0.2463,,,-0.5016,,,2.71607,,,,,-1.25222
274,0.23546,,,-0.58629,,0.12843,,,,-1.35767,,4.31086,2.55938,,,,,0.42986,,0.20314,,,-0.6041,,,2.71638,,,,,-1.32075
275,0.10622,,,-0.58733,,0.22929,,,,-1.20098,,4.62111,2.5951,,,,,,,0.18351,,,-0.68276,,,2.71802,,,,,-1.38608
276,-0.00216,,,-0.5773,,0.31114,,,,-1.01392,,,2.61285,,,,,,,0.16994,,,-0.72232,,,2.71673,,,,,-1.43542
277,-0.09223,,,-0.56219,,0.38103,,,,-0.80908,,,2.59881,,,,,,,0.15555,,,-0.71585,,,2.71052,,,,,-1.45582
278,-0.16822,,,-0.54617,,0.45125,,,,-0.59543,,,2.57858,,,,,,,0.13844,,,-0.67737,,,2.69909,,,,,-1.43646
279,-0.22646,,,-0.53492,,0.53174,,,,-0.37699,,,2.56019,,,,,,,0.11864,,,-0.63259,,,2.68319,,,,,-1.37282
280,-0.26473,,,-0.53325,,0.62956,,,,-0.15729,,,2.54477,,,,,,,0.09704,,,-0.61299,,,2.66432,,,,,-1.26559
281,-0.28087,,,-0.53956,,0.74723,,,,0.05675,,,2.53056,,,,,,,0.07474,,,-0.63744,,,2.64425,,,,,-1.12329
282,-0.27234,,,-0.54953,,0.88346,,,,0.25778,,,2.51556,,,,,,,0.05279,,,-0.70837,,,2.62431,,,,,-0.96035
283,-0.23658,,,-0.55683,,1.03255,,,,0.4442,,,2.49815,,,,,,,0.03244,,,-0.81545,,,2.60547,,,,,-0.79282
284,-0.17881,,,-0.5586,,1.18184,,,,0.61774,,,2.47725,,,,,,,0.01516,,,-0.9375,,,,,,,,-0.62986
285,-0.10239,,,-0.55364,,1.31276,,,,0.77279,,,2.45199,,,,,,,0.00246,,,-1.04926,,,,,,,,-0.47503
286,-0.03726,,,-0.5383,,1.41124,,,,0.90704,,,2.42194,,,,,,,-0.00397,,,-1.1299,,,,,,,,-0.32407
287,0.02443,,,-0.51236,,1.47002,,,,1.02221,,,2.38732,,,,,,,,,,-1.16537,,,,,,,,-0.16735
288,0.08502,,,-0.48142,,1.48465,,,,1.12062,,,2.34829,,,,,,,,,,-1.149,,,,,,,,-0.00497
289,0.14527,,,-0.45481,,1.45646,,,,1.20213,,,2.30461,,,,,,,,,,-1.08543,,,,,,,,0.15708
290,0.20547,,,-0.44478,,1.39271,,,,1.26356,,,2.25628,,,,,,,,,,-0.98672,,,,,,,,0.3114
291,0.26586,,,-0.45909,,1.30155,,,,1.29858,,,,,,,,,,,,,-0.86977,,,,,,,,0.45305
292,0.32645,,,-0.49833,,1.18991,,,,1.30208,,,,,,,,,,,,,-0.7481,,,,,,,,0.57802
293,0.38703,,,-0.55754,,1.06441,,,,1.27712,,,,,,,,,,,,,-0.62861,,,,,,,,0.68387
294,0.44715,,,-0.63087,,0.93234,,,,1.22795,,,,,,,,,,,,,-0.51825,,,,,,,,0.77041
295,0.50659,,,-0.71438,,0.8,,,,1.15742,,,,,,,,,,,,,-0.41957,,,,,,,,0.83628
296,0.56523,,,-0.80262,,0.67279,,,,1.06929,,,,,,,,,,,,,-0.33024,,,,,,,,0.87993
297,0.62281,,,-0.88642,,0.55556,,,,0.96745,,,,,,,,,,,,,-0.24569,,,,,,,,0.9031
298,0.67896,,,-0.9562,,0.45552,,,,0.86267,,,,,,,,,,,,,-0.16364,,,,,,,,0.91441
299,0.73363,,,-1.00043,,0.3788,,,,0.76731,,,,,,,,,,,,,-0.08203,,,,,,,,0.91887
300,,,,-1.01103,,0.32585,,,,0.69294,,,,,,,,,,,,,0.00518,,,,,,,,0.91775
301,,,,-0.98932,,0.29299,,,,0.6492,,,,,,,,,,,,,0.10346,,,,,,,,0.91229
302,,,,-0.94999,,0.27802,,,,0.63871,,,,,,,,,,,,,0.21653,,,,,,,,0.9049
303,,,,-0.91343,,0.28027,,,,0.74757,,,,,,,,,,,,,0.34773,,,,,,,,0.89273
304,,,,-0.90178,,0.29948,,,,0.85274,,,,,,,,,,,,,0.49581,,,,,,,,0.86805
305,,,,-0.93411,,0.33722,,,,0.95315,,,,,,,,,,,,,0.65678,,,,,,,,0.8252
306,,,,-1.01237,,0.39601,,,,1.05176,,,,,,,,,,,,,0.82335,,,,,,,,0.76245
307,,,,-1.12426,,0.47523,,,,1.15082,,,,,,,,,,,,,0.9861,,,,,,,,0.68315
308,,,,-1.24803,,0.57001,,,,1.25189,,,,,,,,,,,,,1.13118,,,,,,,,0.59465
309,,,,-1.36251,,0.67465,,,,1.35585,,,,,,,,,,,,,1.2438,,,,,,,,0.50918
310,,,,-1.45119,,0.79175,,,,1.4633,,,,,,,,,,,,,1.31497,,,,,,,,0.43312
311,,,,-1.49866,,0.92041,,,,1.57483,,,,,,,,,,,,,1.3462,,,,,,,,0.3682
312,,,,-1.4925,,1.06299,,,,1.69098,,,,,,,,,,,,,1.34584,,,,,,,,0.31524
313,,,,-1.42544,,1.21941,,,,1.81203,,,,,,,,,,,,,1.3244,,,,,,,,0.27576
314,,,,-1.29888,,1.38729,,,,1.93777,,,,,,,,,,,,,1.28983,,,,,,,,0.25134
315,,,,-1.12527,,1.56146,,,,2.06757,,,,,,,,,,,,,1.1889,,,,,,,,0.24102
316,,,,-0.92486,,1.71541,,,,2.20064,,,,,,,,,,,,,1.09655,,,,,,,,0.24361
317,,,,-0.71983,,1.84868,,,,2.33614,,,,,,,,,,,,,1.01898,,,,,,,,0.25754
318,,,,-0.52827,,1.97009,,,,2.47355,,,,,,,,,,,,,0.95223,,,,,,,,0.27677
319,,,,-0.36284,,2.08396,,,,,,,,,,,,,,,,,0.8919,,,,,,,,0.23672
320,,,,-0.23064,,2.19216,,,,,,,,,,,,,,,,,0.83441,,,,,,,,0.21228
321,,,,-0.13877,,2.29576,,,,,,,,,,,,,,,,,0.77707,,,,,,,,0.19974
322,,,,-0.09437,,2.39573,,,,,,,,,,,,,,,,,0.71788,,,,,,,,0.19422
323,,,,-0.06746,,2.49291,,,,,,,,,,,,,,,,,0.65533,,,,,,,,0.19284
324,,,,-0.04318,,2.58789,,,,,,,,,,,,,,,,,0.58826,,,,,,,,0.19382
325,,,,-0.01607,,2.68115,,,,,,,,,,,,,,,,,0.51603,,,,,,,,0.19566
326,,,,0.01561,,2.77295,,,,,,,,,,,,,,,,,0.43843,,,,,,,,0.1967
327,,,,0.05188,,2.86298,,,,,,,,,,,,,,,,,0.35553,,,,,,,,0.19579
328,,,,0.09198,,2.95097,,,,,,,,,,,,,,,,,0.26765,,,,,,,,0.19244
329,,,,0.13468,,3.03656,,,,,,,,,,,,,,,,,0.17547,,,,,,,,0.18662
330,,,,0.17838,,3.11954,,,,,,,,,,,,,,,,,0.07982,,,,,,,,0.17857
331,,,,0.22127,,3.19984,,,,,,,,,,,,,,,,,-0.01848,,,,,,,,0.16877
332,,,,0.26184,,3.27746,,,,,,,,,,,,,,,,,,,,,,,,,0.15787
333,,,,0.2989,,,,,,,,,,,,,,,,,,,,,,,,,,,0.14651
334,,,,0.3315,,,,,,,,,,,,,,,,,,,,,,,,,,,0.13522
335,,,,0.35865,,,,,,,,,,,,,,,,,,,,,,,,,,,0.12443
336,,,,0.3794,,,,,,,,,,,,,,,,,,,,,,,,,,,
337,,,,0.39313,,,,,,,,,,,,,,,,,,,,,,,,,,,